use simpol;

INSERT INTO user (`id`,`login`,`password`)
VALUES (1,'user1','0000');

INSERT INTO backup(`id`,`date_creation`,`date_last`,`nbj`,`user`,budget)
VALUES (1,'2016-12-01','2016-12-02',1,1,1000);

INSERT INTO `budget` (`id`, `ageTravail`, `ageRetraite`, `chargeSalariale`, `chargeCadre`, `salaireStandard`, `salaireCadre`, `nbSalaries`, `nbCadres`, `nbj`,`backup`,`budget`) VALUES
(1, 14, 70, 20, 40, 1250, 2350, 40, 10, 1, 1, 1000),
(2, 14, 70, 20, 40, 1250, 2350, 40, 10, 1, 1, 1000),
(3, 14, 70, 20, 40, 1250, 2350, 40, 10, 1, 1, 1000),
(4, 14, 70, 20, 40, 1250, 2350, 40, 10, 1, 1, 1000),
(5, 14, 70, 20, 40, 1250, 2350, 40, 10, 1, 1, 1000),
(6, 14, 70, 20, 40, 1250, 2350, 40, 10, 1, 1, 1000),
(7, 14, 70, 20, 40, 1250, 2350, 40, 10, 1, 1, 1000),
(8, 14, 70, 20, 40, 1250, 2350, 40, 10, 1, 1, 1000),
(9, 14, 70, 20, 40, 1250, 2350, 40, 10, 1, 1, 1000),
(10, 14, 70, 20, 40, 1150, 2350, 40, 10, 1, 1, 1000),
(11, 14, 70, 20, 40, 1150, 2350, 40, 10, 1, 1, 1000),
(12, 14, 70, 20, 40, 1150, 2350, 40, 10, 1, 1, 1000),
(13, 14, 70, 20, 40, 1150, 2350, 160, 30, 1, 1, 1000),
(14, 14, 70, 20, 40, 1150, 2350, 160, 30, 1, 1, 1000),
(15, 14, 70, 20, 40, 1150, 2350, 160, 30, 1, 1, 1000),
(16, 14, 70, 20, 40, 1150, 2350, 160, 30, 1, 1, 1000),
(17, 14, 70, 20, 40, 1150, 2350, 160, 30, 1, 1, 1000),
(18, 14, 70, 20, 40, 1150, 2350, 160, 30, 1, 1, 1000),
(19, 14, 70, 20, 40, 1150, 2350, 160, 30, 1, 1, 1000),
(20, 14, 70, 20, 40, 1150, 2350, 160, 30, 1, 1, 1000),
(21, 14, 70, 20, 40, 1150, 2350, 160, 30, 1, 1, 1000),
(22, 14, 70, 20, 40, 1150, 2350, 160, 30, 1, 1, 1000),
(23, 14, 70, 20, 40, 1150, 2350, 160, 30, 1, 1, 1000),
(24, 14, 70, 20, 40, 1150, 2350, 160, 30, 1, 1, 1000),
(25, 14, 70, 20, 40, 1150, 2350, 160, 30, 1, 1, 1000),
(26, 14, 70, 20, 40, 1150, 2350, 160, 30, 1, 1, 1000),
(27, 14, 70, 20, 40, 1150, 2350, 160, 30, 1, 1, 1000),
(28, 14, 70, 20, 40, 1150, 2350, 200, 40, 1, 1, 1000),
(29, 14, 70, 20, 40, 1150, 2350, 200, 40, 1, 1, 1000),
(30, 14, 70, 20, 40, 1150, 2350, 200, 40, 1, 1, 1000);


INSERT INTO `categorie` (`id`, `libelle`) VALUES
(1, 'education'),
(2, 'securite'),
(3, 'economie'),
(4, 'distraction'),
(5, 'sante');

INSERT INTO `sante` (`id`,`hygiene`,`nbMalades`,`nbAccidents`,`soins`,`echecs`,`nbj`,`backup`)
VALUES (1, 1, 0, 0, 5, 5, 1, 1),
(2, 1, 1, 0, 0, 5, 2, 1),
(3, 1, 2, 0, 5, 3, 1),
(4, 1, 2, 0, 5, 4, 1),
(5, 1, 3, 0, 5, 5, 1),
(6, 1, 3, 0, 5, 6, 1),
(7, 1, 4, 0, 5, 7, 1),
(8, 1, 5, 0, 5, 8, 1),
(9, 1, 5, 0, 5, 9, 1),
(10, 1, 5, 0, 5, 10, 1),
(11, 1, 5, 0, 5, 11, 1),
(12, 1, 5, 0, 5, 12, 1),
(13, 1, 6, 0, 5, 13, 1),
(14, 1, 6, 0, 5, 14, 1),
(15, 1, 6, 0, 5, 15, 1),
(16, 1, 6, 0, 5, 16, 1),
(17, 1, 6, 0, 5, 17, 1),
(18, 1, 7, 0, 5, 18, 1),
(19, 1, 7, 0, 5, 19, 1),
(20, 1, 8, 0, 5, 20, 1),
(21, 1, 8, 0, 5, 21, 1),
(22, 1, 8, 0, 5, 22, 1),
(23, 1, 8, 0, 5, 23, 1),
(24, 1, 9, 0, 5, 24, 1),
(25, 1, 9, 0, 5, 25, 1),
(26, 1, 9, 0, 5, 26, 1),
(27, 1, 9, 0, 5, 27, 1),
(28, 1, 10, 0, 5, 28, 1),
(29, 1, 10, 0, 5, 29, 1),
(30, 1, 10, 0, 5, 30, 1);

INSERT INTO `construction`(id,designation,w,h,price,baseSalarie,baseCadre,baseRisque,baseAttractivite,modSalarie,modCadre,modRisque,modAttractivite,specificite,categorie)
VALUES
(1,'maison',1,1,1000.0,0,0,0,0,0,0,0,0,'{"habitat":1}',3),
(2,'musee',1,1,1000.0,0,0,0,0,0,0,0,0,'{"tourisme":1}',1),
(3,'restaurant',1,1,1000.0,0,0,0,0,0,0,0,0,'{"tourimse":1}',4),
(4,'bureau',1,1,1000.0,0,0,0,0,0,0,0,0,'{"efficacite":1}',3),
(5,'commissariat',1,1,1000.0,120,20,4,1,0.5,0.5,2,1,'{"influence":1}',2),
(6,'hopital',1,1,1000.0,70,10,3,2,0.7,0.8,1,2,'{"soins":1}	',5),
(7,'entrepot',1,1,1000.0,0,0,0,0,0,0,0,0,'{"efficacite":1}',3),
(8,'eglise',1,1,1000.0,0,0,0,0,0,0,0,0,'{"religion":1}',4),
(9,'night_club',1,1,1000.0,40,10,2,5,0.7,0.7,1,3,'{"tourimse":1}',4),
(10,'temple',1,1,1000.0,0,0,0,0,0,0,0,0,'{"religion":1}',4),
(11,'temple_tower',1,1,1000.0,0,0,0,0,0,0,0,0,'{"religion":1}',4),
(12,'ferme',1,1,1000.0,0,0,0,0,0,0,0,0,'{"efficacite":1}',3),
(13,'Rescue_tower',1,1,1000.0,0,0,0,0,0,0,0,0,'{"soin":1}',2),
(14,'Circus',1,1,1000.0,0,0,0,0,0,0,0,0,'{"tourisme":1}',4),
(15,'Television',1,1,1000.0,0,0,0,0,0,0,0,0,'{"culture":1}',4),
(16,'Salle_de_spectacle',1,1,1000.0,0,0,0,0,0,0,0,0,'{"tourimse":1}',4),
(17,'Caserne',1,1,1000.0,80,20,0,1,0.3,0.1,0,1,'{"entretien":1}',2),
(18,'Tour_militaire',1,1,1000.0,0,0,0,0,0,0,0,0,'{"influence":1}',2),
(19,'usine',1,1,1000.0,0,0,0,0,0,0,0,0,'{"efficacite":1}',3),
(20,'universite',1,1,1000.0,40,10,3,1,0.5,0.2,2,1,'{"education":1}',1)
;

INSERT INTO `education` (`id`,`edTotale`,`edSecurite`,`edEntretien`,`edSante`,`edRecherche`,`edTourisme`,`nbj`,`backup`, `ratioSecurite`, `ratioEntretien`, `ratioSante`, `ratioRecherche`, `ratioTourisme`)
VALUES (1, 40, 8, 8, 8, 8, 8, 1, 1, 100, 100, 100, 100, 100),
(2, 40, 8, 8, 8, 8, 8, 2, 1, 100, 100, 100, 100, 100),
(3, 40, 8, 8, 8, 8, 8, 3, 1, 100, 100, 100, 100, 100),
(4, 40, 8, 8, 8, 8, 8, 4, 1, 100, 100, 100, 100, 100),
(5, 40, 8, 8, 8, 8, 8, 5, 1, 100, 100, 100, 100, 100),
(6, 40, 8, 8, 8, 8, 8, 6, 1, 100, 100, 100, 100, 100),
(7, 40, 8, 8, 8, 8, 8, 7, 1, 100, 100, 100, 100, 100),
(8, 40, 8, 8, 8, 8, 8, 8, 1, 100, 100, 100, 100, 100),
(9, 40, 8, 8, 8, 8, 8, 9, 1, 100, 100, 100, 100, 100),
(10, 40, 8, 8, 8, 8, 8, 10, 1, 100, 100, 100, 100, 100),
(11, 40, 8, 8, 8, 8, 8, 11, 1, 100, 100, 100, 100, 100),
(12, 40, 8, 8, 8, 8, 8, 12, 1, 100, 100, 100, 100, 100),
(13, 40, 8, 8, 8, 8, 8, 13, 1, 100, 100, 100, 100, 100),
(14, 40, 8, 8, 8, 8, 8, 14, 1, 100, 100, 100, 100, 100),
(15, 40, 8, 8, 8, 8, 8, 15, 1, 100, 100, 100, 100, 100),
(16, 40, 8, 8, 8, 8, 8, 16, 1, 100, 100, 100, 100, 100),
(17, 40, 8, 8, 8, 8, 8, 17, 1, 100, 100, 100, 100, 100),
(18, 40, 8, 8, 8, 8, 8, 18, 1, 100, 100, 100, 100, 100),
(19, 40, 8, 8, 8, 8, 8, 19, 1, 100, 100, 100, 100, 100),
(20, 40, 8, 8, 8, 8, 8, 20, 1, 100, 100, 100, 100, 100),
(21, 40, 8, 8, 8, 8, 8, 21, 1, 100, 100, 100, 100, 100),
(22, 80, 16, 16, 16, 16, 16, 22, 1, 100, 100, 100, 100, 100),
(23, 80, 16, 16, 16, 16, 16, 23, 1, 100, 100, 100, 100, 100),
(24, 80, 16, 16, 16, 16, 16, 24, 1, 100, 100, 100, 100, 100),
(25, 80, 16, 16, 16, 16, 16, 25, 1, 100, 100, 100, 100, 100),
(26, 80, 16, 16, 16, 16, 16, 26, 1, 100, 100, 100, 100, 100),
(27, 80, 16, 16, 16, 16, 16, 27, 1, 100, 100, 100, 100, 100),
(28, 80, 16, 16, 16, 16, 16, 28, 1, 100, 100, 100, 100, 100),
(29, 80, 16, 16, 16, 16, 16, 29, 1, 100, 100, 100, 100, 100),
(30, 80, 16, 16, 16, 16, 16, 30, 1, 100, 100, 100, 100, 100);

INSERT INTO `backup_construction` (`id`, backup,`construction`, `x`, `y`, `nbSalarie`, `nbCadre`, `risque`, `budget`, `attractivite`, `postePourvu`, `specificite`,`niveau`) VALUES
(1, 1, 1, 1, 1, 0, 0, 0, 0, 0, 0, '{habitat : 4}', 1),
(2, 1, 1, 1, 6, 0, 0, 0, 0, 0, 0, '{habitat : 4}', 1),
(3, 1, 1, 1, 12, 0, 0, 0, 0, 0, 0, '{habitat : 4}', 1),
(4, 1, 1, 1, 18, 0, 0, 0, 0, 0, 0, '{habitat : 4}', 1),
(5, 1, 1, 8, 1, 0, 0, 0, 0, 0, 0, '{habitat : 4}', 1),
(6, 1, 1, 8, 6, 0, 0, 0, 0, 0, 0, '{habitat : 4}', 1),
(7, 1, 1, 8, 12, 0, 0, 0, 0, 0, 0, '{habitat : 4}', 1),
(8, 1, 1, 8, 18, 0, 0, 0, 0, 0, 0, '{habitat : 4}', 1),
(9, 1, 1, 16, 1, 0, 0, 0, 0, 0, 0, '{habitat : 4}', 1),
(10, 1, 1, 16, 6, 0, 0, 0, 0, 0, 0, '{habitat : 4}', 1),
(11, 1, 5, 30, 32, 60, 20, 2, 480, 1, 8, '{influence : 9}', 1),
(12, 1, 5, 48, 62, 60, 20, 2, 480, 1, 8, '{influence : 9}', 1),
(13, 1, 20, 24, 20, 40, 10, 2, 320, 1, 5, '{education : 40}', 1),
(14, 1, 20, 20, 68, 40, 10, 2, 320, 1, 5, '{education : 40}', 1);

/*(1, 1, 1, 1, 1, 0,0,1,1,1,0,'{"truc":1}', 1),
(2, 1, 6, 1, 1, 0,0,1,1,1,0,'{"soins":2}', 1),
(3, 1, 17, 1, 1, 0,0,1,1,1,0,'{"truc":1}', 1),
(4, 1, 5, 1, 1, 0,0,1,1,1,0,'{"truc":1}', 1),
(5, 1, 20, 1, 1, 0,0,1,1,1,0,'{"truc":1}', 1),
(6, 1, 1, 1, 1, 0,0,1,1,1,0,'{"truc":1}', 1),
(7, 1, 1, 1, 1, 0,0,1,1,1,0,'{"truc":1}', 1),
(8, 1, 1, 1, 1, 0,0,1,1,1,0,'{"truc":1}', 1),
(9, 1, 1, 1, 1, 0,0,1,1,1,0,'{"truc":1}', 1),
(10, 1, 1, 1, 1, 0,0,1,1,1,0,'{"truc":1}', 1),
(11, 1, 1, 1, 1, 0,0,1,1,1,0,'{"truc":1}', 1),
(12, 1, 1, 1, 1, 0,0,1,1,1,0,'{"truc":1}', 1),
(13, 1, 1, 1, 1, 0,0,1,1,1,0,'{"truc":1}', 1),
(14, 1, 1, 1, 1, 0,0,1,1,1,0,'{"truc":1}', 1),
(15, 1, 1, 1, 1, 0,0,1,1,1,0,'{"truc":1}', 1);*/



INSERT INTO `criminalite` (`id`, `indicMineur`, `crimeMineur`, `indicMoyen`, `crimeMoyen`, `indicGrave`, `crimeGrave`, `indicTerrorisme`, `crimeTerroriste`, `nbj`, `backup`) VALUES
(1, 1, 1, 1, 1, 0, 0, 0, 0, 1, 1),
(2, 3, 4, 2, 3, 0, 0, 0, 0, 2, 1),
(3, 4, 7, 2, 5, 0, 0, 0, 0, 3, 1),
(4, 4, 11, 2, 7, 0, 0, 0, 0, 4, 1),
(5, 4, 15, 2, 9, 0, 0, 0, 0, 5, 1),
(6, 5, 20, 2, 11, 0, 0, 0, 0, 6, 1),
(7, 4, 24, 2, 13, 0, 0, 0, 0, 7, 1),
(8, 4, 28, 3, 14, 0, 0, 0, 0, 8, 1),
(9, 4, 32, 3, 17, 1, 1, 0, 0, 9, 1),
(10, 5, 37, 3, 20, 1, 2, 0, 0, 10, 1),
(11, 5, 42, 3, 23, 1, 3, 0, 0, 11, 1),
(12, 5, 47, 3, 26, 1, 4, 0, 0, 12, 1),
(13, 5, 46, 3, 26, 1, 3, 0, 0, 13, 1),
(14, 5, 45, 3, 26, 1, 2, 0, 0, 14, 1),
(15, 5, 44, 3, 26, 1, 1, 0, 0, 15, 1),
(16, 5, 43, 3, 26, 1, 0, 0, 0, 16, 1),
(17, 6, 43, 3, 26, 1, 0, 0, 0, 17, 1),
(18, 6, 43, 3, 26, 1, 0, 0, 0, 18, 1),
(19, 6, 43, 3, 26, 1, 0, 0, 0, 19, 1),
(20, 6, 43, 3, 26, 1, 0, 0, 0, 20, 1),
(21, 6, 43, 3, 26, 1, 0, 0, 0, 21, 1),
(22, 6, 43, 4, 27, 1, 0, 0, 0, 22, 1),
(23, 6, 43, 4, 28, 1, 0, 0, 0, 23, 1),
(24, 6, 43, 4, 29, 1, 0, 0, 0, 24, 1),
(25, 6, 43, 4, 30, 1, 0, 0, 0, 25, 1),
(26, 6, 43, 4, 31, 1, 0, 0, 0, 26, 1),
(27, 6, 43, 4, 32, 1, 0, 0, 0, 27, 1),
(28, 6, 43, 4, 33, 1, 0, 0, 0, 28, 1),
(29, 6, 43, 4, 34, 1, 0, 0, 0, 29, 1),
(30, 6, 43, 4, 35, 1, 0, 0, 0, 30, 1);
INSERT INTO `population` (`id`, `fertilite`, `attractivite`,`popTab`,`nbj`,`backup`) VALUES
(1, 29, 1, '[[0, 0, 0, 0, 1, 1, 0, 0, 1, 1, 0, 0],[0, 1, 0, 0, 1, 0, 1, 1, 1, 0, 0, 0],[1, 1, 1, 0, 0, 1, 0, 0, 0, 0, 0, 0],[0, 2, 1, 0, 1, 0, 1, 0, 0, 0, 1, 1],[1, 0, 1, 0, 0, 0, 0, 0, 0, 0, 0, 0],[0, 1, 1, 0, 0, 0, 2, 0, 2, 1, 0, 1],[0, 1, 0, 1, 1, 0, 0, 0, 1, 0, 2, 0],[1, 0, 0, 0, 0, 1, 1, 1, 0, 1, 1, 0],[0, 0, 0, 1, 0, 1, 1, 1, 0, 0, 0, 0],[0, 0, 0, 3, 0, 0, 1, 0, 0, 0, 0, 1],[0, 0, 0, 1, 0, 0, 0, 1, 0, 1, 1, 1],[0, 1, 0, 0, 1, 0, 0, 0, 0, 0, 0, 0],[1, 0, 2, 0, 0, 0, 0, 0, 0, 0, 1, 0],[0, 1, 1, 0, 1, 1, 1, 0, 0, 1, 1, 0],[0, 1, 0, 1, 1, 1, 0, 0, 0, 0, 0, 0],[1, 0, 0, 1, 0, 0, 0, 0, 0, 1, 0, 0],[1, 0, 2, 0, 1, 0, 0, 1, 0, 1, 3, 1],[0, 0, 2, 0, 0, 0, 0, 0, 0, 1, 1, 1],[0, 0, 1, 0, 0, 1, 0, 1, 2, 1, 0, 0],[0, 1, 0, 1, 1, 0, 1, 0, 0, 0, 0, 0],[0, 0, 1, 0, 0, 0, 0, 1, 1, 0, 1, 0],[0, 0, 2, 1, 1, 0, 0, 0, 1, 0, 0, 0],[0, 1, 0, 0, 0, 1, 0, 0, 1, 1, 1, 1],[1, 0, 2, 0, 1, 0, 1, 0, 0, 1, 0, 0],[0, 1, 0, 1, 0, 0, 0, 0, 0, 0, 0, 0],[0, 0, 0, 0, 0, 0, 0, 0, 0, 0, 0, 0],[0, 0, 0, 0, 0, 0, 0, 0, 0, 0, 1, 0],[0, 0, 0, 1, 0, 0, 0, 0, 0, 0, 1, 0],[0, 0, 0, 0, 0, 0, 0, 1, 0, 0, 0, 0],[0, 0, 0, 0, 0, 2, 0, 0, 0, 0, 1, 0],[0, 0, 0, 1, 0, 0, 0, 0, 0, 0, 0, 0],[0, 0, 1, 0, 0, 0, 0, 0, 0, 1, 0, 0],[1, 0, 0, 0, 1, 0, 0, 0, 0, 0, 0, 0],[0, 1, 0, 0, 0, 0, 0, 0, 0, 0, 0, 0],[0, 0, 0, 0, 0, 0, 0, 0, 0, 0, 0, 0],[0, 0, 0, 0, 0, 0, 0, 0, 0, 0, 0, 0],[0, 0, 1, 0, 0, 0, 2, 0, 0, 1, 0, 0],[0, 0, 0, 0, 0, 0, 0, 0, 0, 0, 0, 0],[0, 0, 0, 1, 0, 0, 0, 1, 0, 0, 0, 0],[0, 0, 0, 0, 0, 0, 0, 0, 0, 0, 1, 0],[0, 1, 1, 0, 1, 0, 0, 0, 0, 0, 0, 1],[0, 0, 0, 0, 0, 0, 0, 0, 0, 0, 0, 0],[0, 0, 0, 0, 1, 0, 1, 0, 0, 0, 0, 0],[0, 0, 0, 1, 0, 0, 0, 0, 0, 0, 0, 0],[0, 0, 0, 0, 0, 0, 0, 0, 0, 0, 0, 0],[0, 0, 0, 0, 0, 0, 0, 0, 0, 0, 0, 0],[0, 0, 0, 1, 0, 0, 0, 0, 0, 0, 0, 0],[0, 1, 0, 0, 0, 0, 0, 0, 0, 0, 0, 0],[2, 0, 0, 0, 0, 0, 1, 0, 0, 0, 0, 1],[0, 0, 0, 0, 0, 0, 1, 0, 0, 0, 0, 0],[0, 0, 1, 0, 0, 0, 0, 1, 0, 0, 0, 0],[1, 0, 1, 0, 1, 0, 1, 0, 0, 0, 0, 0],[0, 0, 1, 0, 0, 0, 0, 0, 0, 1, 0, 0],[0, 0, 0, 1, 0, 0, 0, 1, 0, 0, 0, 0],[0, 0, 0, 0, 0, 0, 0, 0, 0, 1, 0, 0],[1, 0, 0, 0, 0, 0, 0, 0, 0, 0, 0, 0],[0, 0, 0, 0, 0, 0, 0, 0, 0, 1, 0, 0],[0, 0, 0, 0, 1, 2, 0, 0, 0, 0, 2, 0],[0, 0, 0, 0, 0, 0, 1, 0, 0, 0, 0, 1],[0, 0, 0, 0, 0, 0, 0, 0, 0, 0, 0, 0],[0, 1, 0, 0, 0, 1, 0, 0, 0, 0, 0, 0],[0, 0, 0, 0, 2, 0, 0, 0, 0, 0, 0, 0],[0, 0, 0, 0, 0, 0, 0, 0, 0, 0, 0, 0],[0, 0, 0, 0, 0, 1, 0, 0, 0, 0, 0, 0],[0, 1, 0, 0, 0, 0, 1, 0, 0, 1, 0, 0],[0, 0, 0, 0, 0, 0, 0, 0, 0, 0, 0, 0],[0, 1, 0, 0, 0, 0, 0, 0, 0, 0, 0, 0],[0, 0, 0, 0, 0, 0, 0, 0, 0, 0, 0, 0],[0, 0, 0, 0, 0, 0, 0, 0, 0, 0, 0, 0],[0, 0, 0, 1, 1, 0, 0, 0, 0, 0, 0, 0],[0, 0, 0, 0, 0, 0, 1, 0, 0, 0, 0, 0],[0, 0, 0, 0, 0, 0, 0, 0, 0, 0, 0, 1],[0, 0, 0, 0, 0, 0, 0, 0, 1, 0, 0, 0],[0, 0, 0, 0, 1, 0, 0, 0, 0, 0, 0, 0],[0, 0, 0, 0, 0, 0, 0, 0, 0, 0, 0, 0],[0, 0, 1, 0, 0, 0, 0, 0, 0, 1, 0, 0],[0, 1, 0, 0, 0, 0, 0, 0, 0, 0, 0, 0],[0, 0, 0, 0, 0, 0, 0, 0, 0, 0, 0, 0],[0, 0, 0, 0, 1, 0, 0, 0, 1, 0, 1, 1],[0, 0, 0, 0, 0, 0, 0, 0, 0, 0, 0, 0],[0, 0, 0, 0, 0, 0, 0, 0, 0, 0, 0, 0],[0, 0, 0, 0, 0, 0, 0, 0, 0, 0, 0, 0],[0, 0, 0, 0, 0, 0, 0, 0, 0, 0, 0, 0],[0, 0, 0, 0, 0, 0, 0, 0, 0, 0, 0, 0],[0, 0, 0, 0, 0, 0, 0, 0, 0, 0, 0, 0],[0, 0, 0, 0, 0, 0, 0, 0, 0, 0, 0, 0],[0, 0, 0, 0, 0, 0, 0, 0, 0, 0, 0, 0],[0, 0, 0, 0, 0, 0, 0, 0, 0, 0, 0, 0],[0, 0, 0, 0, 0, 0, 0, 0, 0, 0, 0, 0],[0, 0, 0, 0, 0, 0, 0, 0, 0, 0, 0, 0],[0, 0, 0, 0, 0, 0, 0, 0, 0, 0, 0, 0],[0, 0, 0, 0, 0, 0, 0, 0, 0, 0, 0, 0],[0, 0, 0, 0, 0, 0, 0, 0, 0, 0, 0, 0],[0, 0, 0, 0, 0, 0, 0, 0, 0, 0, 0, 0],[0, 0, 0, 0, 0, 0, 0, 0, 0, 0, 0, 0],[0, 0, 0, 0, 0, 0, 0, 0, 0, 0, 0, 0],[0, 0, 0, 0, 0, 0, 0, 0, 0, 0, 0, 0],[0, 0, 0, 0, 0, 0, 0, 0, 0, 0, 0, 0],[0, 0, 0, 0, 0, 0, 0, 0, 0, 0, 0, 0],[0, 0, 0, 0, 0, 0, 0, 0, 0, 0, 0, 0],[0, 0, 0, 0, 0, 0, 0, 0, 0, 0, 0, 0],[0, 0, 0, 0, 0, 0, 0, 0, 0, 0, 0, 0],[0, 0, 0, 0, 0, 0, 0, 0, 0, 0, 0, 0],[0, 0, 0, 0, 0, 0, 0, 0, 0, 0, 0, 0],[0, 0, 0, 0, 0, 0, 0, 0, 0, 0, 0, 0],[0, 0, 0, 0, 0, 0, 0, 0, 0, 0, 0, 0],[0, 0, 0, 0, 0, 0, 0, 0, 0, 0, 0, 0],[0, 0, 0, 0, 0, 0, 0, 0, 0, 0, 0, 0],[0, 0, 0, 0, 0, 0, 0, 0, 0, 0, 0, 0],[0, 0, 0, 0, 0, 0, 0, 0, 0, 0, 0, 0],[0, 0, 0, 0, 0, 0, 0, 0, 0, 0, 0, 0],[0, 0, 0, 0, 0, 0, 0, 0, 0, 0, 0, 0],[0, 0, 0, 0, 0, 0, 0, 0, 0, 0, 0, 0],[0, 0, 0, 0, 0, 0, 0, 0, 0, 0, 0, 0],[0, 0, 0, 0, 0, 0, 0, 0, 0, 0, 0, 0],[0, 0, 0, 0, 0, 0, 0, 0, 0, 0, 0, 0],[0, 0, 0, 0, 0, 0, 0, 0, 0, 0, 0, 0],[0, 0, 0, 0, 0, 0, 0, 0, 0, 0, 0, 0],[0, 0, 0, 0, 0, 0, 0, 0, 0, 0, 0, 0],[0, 0, 0, 0, 0, 0, 0, 0, 0, 0, 0, 0],[0, 0, 0, 0, 0, 0, 0, 0, 0, 0, 0, 0],[0, 0, 0, 0, 0, 0, 0, 0, 0, 0, 0, 0],[0, 0, 0, 0, 0, 0, 0, 0, 0, 0, 0, 0],[0, 0, 0, 0, 0, 0, 0, 0, 0, 0, 0, 0],[0, 0, 0, 0, 0, 0, 0, 0, 0, 0, 0, 0],[0, 0, 0, 0, 0, 0, 0, 0, 0, 0, 0, 0],[0, 0, 0, 0, 0, 0, 0, 0, 0, 0, 0, 0],[0, 0, 0, 0, 0, 0, 0, 0, 0, 0, 0, 0],[0, 0, 0, 0, 0, 0, 0, 0, 0, 0, 0, 0],[0, 0, 0, 0, 0, 0, 0, 0, 0, 0, 0, 0]
]',0, 1),
(2, 29, 1, '[[0, 0, 0, 0, 1, 1, 0, 0, 1, 1, 0, 0],[0, 1, 0, 0, 1, 0, 0, 0, 1, 0, 0, 0],[1, 1, 1, 0, 0, 1, 0, 0, 0, 0, 0, 0],[0, 2, 1, 0, 1, 0, 1, 0, 0, 0, 1, 1],[1, 0, 1, 0, 0, 0, 0, 0, 0, 0, 0, 0],[0, 1, 0, 0, 0, 0, 2, 0, 2, 1, 0, 1],[0, 1, 0, 1, 1, 0, 0, 0, 1, 0, 1, 0],[1, 0, 0, 0, 0, 1, 1, 0, 0, 1, 1, 0],[0, 0, 0, 1, 0, 1, 1, 1, 0, 0, 0, 0],[0, 0, 0, 3, 0, 0, 1, 0, 0, 0, 0, 1],[0, 0, 0, 1, 0, 0, 0, 1, 0, 0, 1, 1],[0, 1, 0, 0, 1, 0, 0, 0, 0, 0, 0, 0],[1, 0, 2, 0, 0, 0, 0, 0, 0, 0, 1, 0],[0, 1, 1, 0, 1, 1, 1, 0, 0, 1, 1, 0],[0, 1, 0, 1, 0, 0, 0, 0, 0, 0, 0, 0],[1, 0, 0, 1, 0, 0, 0, 0, 0, 1, 0, 0],[0, 0, 2, 0, 1, 0, 0, 1, 0, 1, 3, 1],[0, 0, 2, 0, 0, 0, 0, 0, 0, 1, 0, 1],[0, 0, 1, 0, 0, 0, 0, 1, 1, 1, 0, 0],[0, 1, 0, 1, 0, 0, 1, 0, 0, 0, 0, 0],[0, 0, 1, 0, 0, 0, 0, 1, 1, 0, 1, 0],[0, 0, 2, 0, 1, 0, 0, 0, 1, 0, 0, 0],[0, 1, 0, 0, 0, 1, 0, 0, 0, 1, 1, 0],[1, 0, 2, 0, 0, 0, 1, 0, 0, 1, 0, 0],[0, 1, 0, 1, 0, 0, 0, 0, 0, 0, 0, 0],[0, 0, 0, 0, 0, 0, 0, 0, 0, 0, 0, 0],[0, 0, 0, 0, 0, 0, 0, 0, 0, 0, 1, 0],[0, 0, 0, 1, 0, 0, 0, 0, 0, 0, 1, 0],[0, 0, 0, 0, 0, 0, 0, 1, 0, 0, 0, 0],[0, 0, 0, 0, 0, 2, 0, 0, 0, 0, 1, 0],[0, 0, 0, 1, 0, 0, 0, 0, 0, 0, 0, 0],[0, 0, 0, 0, 0, 0, 0, 0, 0, 1, 0, 0],[1, 0, 0, 0, 1, 0, 0, 0, 0, 0, 0, 0],[0, 1, 0, 0, 0, 0, 0, 0, 0, 0, 0, 0],[0, 0, 0, 0, 0, 0, 0, 0, 0, 0, 0, 0],[0, 0, 0, 0, 0, 0, 0, 0, 0, 0, 0, 0],[0, 0, 0, 0, 0, 0, 2, 0, 0, 1, 0, 0],[0, 0, 0, 0, 0, 0, 0, 0, 0, 0, 0, 0],[0, 0, 0, 1, 0, 0, 0, 1, 0, 0, 0, 0],[0, 0, 0, 0, 0, 0, 0, 0, 0, 0, 1, 0],[0, 1, 1, 0, 1, 0, 0, 0, 0, 0, 0, 0],[0, 0, 0, 0, 0, 0, 0, 0, 0, 0, 0, 0],[0, 0, 0, 0, 0, 0, 1, 0, 0, 0, 0, 0],[0, 0, 0, 0, 0, 0, 0, 0, 0, 0, 0, 0],[0, 0, 0, 0, 0, 0, 0, 0, 0, 0, 0, 0],[0, 0, 0, 0, 0, 0, 0, 0, 0, 0, 0, 0],[0, 0, 0, 0, 0, 0, 0, 0, 0, 0, 0, 0],[0, 1, 0, 0, 0, 0, 0, 0, 0, 0, 0, 0],[2, 0, 0, 0, 0, 0, 0, 0, 0, 0, 0, 1],[0, 0, 0, 0, 0, 0, 1, 0, 0, 0, 0, 0],[0, 0, 0, 0, 0, 0, 0, 1, 0, 0, 0, 0],[1, 0, 1, 0, 1, 0, 1, 0, 0, 0, 0, 0],[0, 0, 1, 0, 0, 0, 0, 0, 0, 0, 0, 0],[0, 0, 0, 1, 0, 0, 0, 1, 0, 0, 0, 0],[0, 0, 0, 0, 0, 0, 0, 0, 0, 1, 0, 0],[1, 0, 0, 0, 0, 0, 0, 0, 0, 0, 0, 0],[0, 0, 0, 0, 0, 0, 0, 0, 0, 1, 0, 0],[0, 0, 0, 0, 1, 2, 0, 0, 0, 0, 2, 0],[0, 0, 0, 0, 0, 0, 1, 0, 0, 0, 0, 1],[0, 0, 0, 0, 0, 0, 0, 0, 0, 0, 0, 0],[0, 1, 0, 0, 0, 1, 0, 0, 0, 0, 0, 0],[0, 0, 0, 0, 2, 0, 0, 0, 0, 0, 0, 0],[0, 0, 0, 0, 0, 0, 0, 0, 0, 0, 0, 0],[0, 0, 0, 0, 0, 1, 0, 0, 0, 0, 0, 0],[0, 1, 0, 0, 0, 0, 1, 0, 0, 1, 0, 0],[0, 0, 0, 0, 0, 0, 0, 0, 0, 0, 0, 0],[0, 1, 0, 0, 0, 0, 0, 0, 0, 0, 0, 0],[0, 0, 0, 0, 0, 0, 0, 0, 0, 0, 0, 0],[0, 0, 0, 0, 0, 0, 0, 0, 0, 0, 0, 0],[0, 0, 0, 1, 0, 0, 0, 0, 0, 0, 0, 0],[0, 0, 0, 0, 0, 0, 1, 0, 0, 0, 0, 0],[0, 0, 0, 0, 0, 0, 0, 0, 0, 0, 0, 0],[0, 0, 0, 0, 0, 0, 0, 0, 0, 0, 0, 0],[0, 0, 0, 0, 1, 0, 0, 0, 0, 0, 0, 0],[0, 0, 0, 0, 0, 0, 0, 0, 0, 0, 0, 0],[0, 0, 1, 0, 0, 0, 0, 0, 0, 1, 0, 0],[0, 1, 0, 0, 0, 0, 0, 0, 0, 0, 0, 0],[0, 0, 0, 0, 0, 0, 0, 0, 0, 0, 0, 0],[0, 0, 0, 0, 1, 0, 0, 0, 1, 0, 1, 1],[0, 0, 0, 0, 0, 0, 0, 0, 0, 0, 0, 0],[0, 0, 0, 0, 0, 0, 0, 0, 0, 0, 0, 0],[0, 0, 0, 0, 0, 0, 0, 0, 0, 0, 0, 0],[0, 0, 0, 0, 0, 0, 0, 0, 0, 0, 0, 0],[0, 0, 0, 0, 0, 0, 0, 0, 0, 0, 0, 0],[0, 0, 0, 0, 0, 0, 0, 0, 0, 0, 0, 0],[0, 0, 0, 0, 0, 0, 0, 0, 0, 0, 0, 0],[0, 0, 0, 0, 0, 0, 0, 0, 0, 0, 0, 0],[0, 0, 0, 0, 0, 0, 0, 0, 0, 0, 0, 0],[0, 0, 0, 0, 0, 0, 0, 0, 0, 0, 0, 0],[0, 0, 0, 0, 0, 0, 0, 0, 0, 0, 0, 0],[0, 0, 0, 0, 0, 0, 0, 0, 0, 0, 0, 0],[0, 0, 0, 0, 0, 0, 0, 0, 0, 0, 0, 0],[0, 0, 0, 0, 0, 0, 0, 0, 0, 0, 0, 0],[0, 0, 0, 0, 0, 0, 0, 0, 0, 0, 0, 0],[0, 0, 0, 0, 0, 0, 0, 0, 0, 0, 0, 0],[0, 0, 0, 0, 0, 0, 0, 0, 0, 0, 0, 0],[0, 0, 0, 0, 0, 0, 0, 0, 0, 0, 0, 0],[0, 0, 0, 0, 0, 0, 0, 0, 0, 0, 0, 0],[0, 0, 0, 0, 0, 0, 0, 0, 0, 0, 0, 0],[0, 0, 0, 0, 0, 0, 0, 0, 0, 0, 0, 0],[0, 0, 0, 0, 0, 0, 0, 0, 0, 0, 0, 0],[0, 0, 0, 0, 0, 0, 0, 0, 0, 0, 0, 0],[0, 0, 0, 0, 0, 0, 0, 0, 0, 0, 0, 0],[0, 0, 0, 0, 0, 0, 0, 0, 0, 0, 0, 0],[0, 0, 0, 0, 0, 0, 0, 0, 0, 0, 0, 0],[0, 0, 0, 0, 0, 0, 0, 0, 0, 0, 0, 0],[0, 0, 0, 0, 0, 0, 0, 0, 0, 0, 0, 0],[0, 0, 0, 0, 0, 0, 0, 0, 0, 0, 0, 0],[0, 0, 0, 0, 0, 0, 0, 0, 0, 0, 0, 0],[0, 0, 0, 0, 0, 0, 0, 0, 0, 0, 0, 0],[0, 0, 0, 0, 0, 0, 0, 0, 0, 0, 0, 0],[0, 0, 0, 0, 0, 0, 0, 0, 0, 0, 0, 0],[0, 0, 0, 0, 0, 0, 0, 0, 0, 0, 0, 0],[0, 0, 0, 0, 0, 0, 0, 0, 0, 0, 0, 0],[0, 0, 0, 0, 0, 0, 0, 0, 0, 0, 0, 0],[0, 0, 0, 0, 0, 0, 0, 0, 0, 0, 0, 0],[0, 0, 0, 0, 0, 0, 0, 0, 0, 0, 0, 0],[0, 0, 0, 0, 0, 0, 0, 0, 0, 0, 0, 0],[0, 0, 0, 0, 0, 0, 0, 0, 0, 0, 0, 0],[0, 0, 0, 0, 0, 0, 0, 0, 0, 0, 0, 0],[0, 0, 0, 0, 0, 0, 0, 0, 0, 0, 0, 0],[0, 0, 0, 0, 0, 0, 0, 0, 0, 0, 0, 0],[0, 0, 0, 0, 0, 0, 0, 0, 0, 0, 0, 0],[0, 0, 0, 0, 0, 0, 0, 0, 0, 0, 0, 0],[0, 0, 0, 0, 0, 0, 0, 0, 0, 0, 0, 0],[0, 0, 0, 0, 0, 0, 0, 0, 0, 0, 0, 0],[0, 0, 0, 0, 0, 0, 0, 0, 0, 0, 0, 0],[0, 0, 0, 0, 0, 0, 0, 0, 0, 0, 0, 0],[0, 0, 0, 0, 0, 0, 0, 0, 0, 0, 0, 0],[0, 0, 0, 0, 0, 0, 0, 0, 0, 0, 0, 0]
]',1, 1),
(3, 29, 1, '[[0, 0, 0, 0, 1, 1, 0, 0, 1, 1, 0, 0],[0, 1, 0, 0, 1, 0, 0, 0, 1, 0, 0, 0],[1, 1, 1, 0, 0, 1, 0, 0, 0, 0, 0, 0],[0, 2, 1, 0, 1, 0, 1, 0, 0, 0, 1, 1],[1, 0, 1, 0, 0, 0, 0, 0, 0, 0, 0, 0],[0, 1, 0, 0, 0, 0, 2, 0, 2, 1, 0, 1],[0, 1, 0, 1, 1, 0, 0, 0, 1, 0, 1, 0],[1, 0, 0, 0, 0, 1, 1, 0, 0, 1, 1, 0],[0, 0, 0, 1, 0, 1, 1, 1, 0, 0, 0, 0],[0, 0, 0, 3, 0, 0, 1, 0, 0, 0, 0, 1],[0, 0, 0, 1, 0, 0, 0, 1, 0, 0, 1, 1],[0, 1, 0, 0, 1, 0, 0, 0, 0, 0, 0, 0],[1, 0, 2, 0, 0, 0, 0, 0, 0, 0, 1, 0],[0, 1, 1, 0, 1, 1, 1, 0, 0, 1, 1, 0],[0, 1, 0, 1, 0, 0, 0, 0, 0, 0, 0, 0],[1, 0, 0, 1, 0, 0, 0, 0, 0, 1, 0, 0],[0, 0, 2, 0, 1, 0, 0, 1, 0, 1, 3, 1],[0, 0, 2, 0, 0, 0, 0, 0, 0, 1, 0, 1],[0, 0, 1, 0, 0, 0, 0, 1, 1, 1, 0, 0],[0, 1, 0, 1, 0, 0, 1, 0, 0, 0, 0, 0],[0, 0, 1, 0, 0, 0, 0, 1, 1, 0, 1, 0],[0, 0, 2, 0, 1, 0, 0, 0, 1, 0, 0, 0],[0, 1, 0, 0, 0, 1, 0, 0, 0, 1, 1, 0],[1, 0, 2, 0, 0, 0, 1, 0, 0, 1, 0, 0],[0, 1, 0, 1, 0, 0, 0, 0, 0, 0, 0, 0],[0, 0, 0, 0, 0, 0, 0, 0, 0, 0, 0, 0],[0, 0, 0, 0, 0, 0, 0, 0, 0, 0, 1, 0],[0, 0, 0, 1, 0, 0, 0, 0, 0, 0, 1, 0],[0, 0, 0, 0, 0, 0, 0, 1, 0, 0, 0, 0],[0, 0, 0, 0, 0, 2, 0, 0, 0, 0, 1, 0],[0, 0, 0, 1, 0, 0, 0, 0, 0, 0, 0, 0],[0, 0, 0, 0, 0, 0, 0, 0, 0, 1, 0, 0],[1, 0, 0, 0, 1, 0, 0, 0, 0, 0, 0, 0],[0, 1, 1, 0, 0, 0, 0, 0, 0, 0, 0, 0],[0, 0, 0, 0, 0, 0, 0, 0, 0, 0, 0, 0],[0, 0, 0, 0, 0, 0, 0, 0, 0, 0, 0, 0],[0, 0, 0, 0, 0, 0, 2, 0, 0, 1, 0, 0],[0, 0, 0, 0, 0, 0, 0, 0, 0, 0, 0, 0],[0, 0, 0, 1, 0, 0, 0, 1, 0, 0, 0, 0],[0, 0, 0, 0, 0, 0, 0, 0, 0, 0, 1, 0],[0, 1, 1, 1, 1, 0, 0, 0, 0, 0, 0, 0],[0, 0, 0, 0, 0, 0, 0, 0, 0, 0, 0, 0],[0, 0, 0, 0, 0, 0, 1, 0, 0, 0, 0, 0],[0, 0, 0, 0, 0, 0, 0, 0, 0, 0, 0, 0],[0, 0, 0, 0, 0, 0, 0, 0, 1, 0, 0, 0],[0, 0, 0, 0, 0, 0, 0, 0, 0, 0, 0, 0],[0, 0, 0, 0, 0, 0, 0, 0, 0, 0, 0, 0],[0, 1, 0, 0, 0, 0, 0, 0, 0, 0, 0, 0],[2, 0, 0, 0, 0, 0, 0, 0, 0, 0, 0, 1],[0, 0, 0, 0, 0, 0, 1, 0, 0, 0, 0, 0],[0, 0, 0, 0, 0, 0, 0, 1, 0, 0, 0, 0],[1, 0, 1, 0, 1, 0, 1, 0, 0, 0, 0, 0],[0, 0, 1, 0, 0, 0, 0, 0, 0, 0, 0, 0],[0, 0, 0, 1, 0, 0, 0, 1, 0, 0, 0, 0],[0, 0, 0, 0, 0, 0, 0, 0, 0, 1, 0, 0],[1, 0, 0, 0, 0, 0, 0, 0, 0, 0, 0, 0],[0, 0, 0, 0, 0, 0, 0, 0, 0, 1, 0, 0],[0, 0, 0, 0, 1, 2, 0, 0, 0, 0, 2, 0],[0, 0, 0, 0, 0, 0, 1, 0, 0, 0, 0, 1],[0, 0, 0, 0, 0, 0, 0, 0, 0, 0, 0, 0],[0, 1, 0, 0, 0, 1, 0, 0, 0, 0, 0, 0],[0, 0, 0, 0, 2, 0, 0, 0, 0, 0, 0, 0],[0, 0, 0, 0, 0, 0, 0, 0, 0, 0, 0, 0],[0, 0, 0, 0, 0, 1, 0, 0, 0, 0, 0, 0],[0, 1, 0, 0, 0, 0, 1, 0, 0, 1, 0, 0],[0, 0, 0, 0, 0, 0, 0, 0, 0, 0, 0, 0],[0, 1, 0, 0, 0, 0, 0, 0, 0, 0, 0, 0],[0, 0, 0, 0, 0, 0, 0, 0, 0, 0, 0, 0],[0, 0, 0, 0, 0, 0, 0, 0, 0, 0, 0, 0],[0, 0, 0, 1, 0, 0, 0, 0, 0, 0, 0, 0],[0, 0, 0, 0, 0, 0, 1, 0, 0, 0, 0, 0],[0, 0, 0, 0, 0, 0, 0, 0, 0, 0, 0, 0],[0, 0, 0, 0, 0, 0, 0, 0, 0, 0, 0, 0],[0, 0, 0, 0, 1, 0, 0, 0, 0, 0, 0, 0],[0, 0, 0, 0, 0, 0, 0, 0, 0, 0, 0, 0],[0, 0, 1, 0, 0, 0, 0, 0, 0, 1, 0, 0],[0, 1, 0, 0, 0, 0, 0, 0, 0, 0, 0, 0],[1, 0, 0, 0, 0, 0, 0, 0, 0, 0, 0, 0],[0, 0, 0, 0, 1, 0, 0, 0, 1, 0, 1, 1],[0, 0, 0, 0, 0, 0, 0, 0, 0, 0, 0, 0],[0, 0, 0, 0, 0, 0, 0, 0, 0, 0, 0, 0],[0, 0, 0, 0, 0, 0, 0, 0, 0, 0, 0, 0],[0, 0, 0, 0, 0, 0, 0, 0, 0, 0, 0, 0],[0, 0, 0, 0, 0, 0, 0, 0, 0, 0, 0, 0],[0, 0, 0, 0, 0, 0, 0, 0, 0, 0, 0, 0],[0, 0, 0, 0, 0, 0, 0, 0, 0, 0, 0, 0],[0, 0, 0, 0, 0, 0, 0, 0, 0, 0, 0, 0],[0, 0, 0, 0, 0, 0, 0, 0, 0, 0, 0, 0],[0, 0, 0, 0, 0, 0, 0, 0, 0, 0, 0, 0],[0, 0, 0, 0, 0, 0, 0, 0, 0, 0, 0, 0],[0, 0, 0, 0, 0, 0, 0, 0, 0, 0, 0, 0],[0, 0, 0, 0, 0, 0, 0, 0, 0, 0, 0, 0],[0, 0, 0, 0, 0, 0, 0, 0, 0, 0, 0, 0],[0, 0, 0, 0, 0, 0, 0, 0, 0, 0, 0, 0],[0, 0, 0, 0, 0, 0, 0, 0, 0, 0, 0, 0],[0, 0, 0, 0, 0, 0, 0, 0, 0, 0, 0, 0],[0, 0, 0, 0, 0, 0, 0, 0, 0, 0, 0, 0],[0, 0, 0, 0, 0, 0, 0, 0, 0, 0, 0, 0],[0, 0, 0, 0, 0, 0, 0, 0, 0, 0, 0, 0],[0, 0, 0, 0, 0, 0, 0, 0, 0, 0, 0, 0],[0, 0, 0, 0, 0, 0, 0, 0, 0, 0, 0, 0],[0, 0, 0, 0, 0, 0, 0, 0, 0, 0, 0, 0],[0, 0, 0, 0, 0, 0, 0, 0, 0, 0, 0, 0],[0, 0, 0, 0, 0, 0, 0, 0, 0, 0, 0, 0],[0, 0, 0, 0, 0, 0, 0, 0, 0, 0, 0, 0],[0, 0, 0, 0, 0, 0, 0, 0, 0, 0, 0, 0],[0, 0, 0, 0, 0, 0, 0, 0, 0, 0, 0, 0],[0, 0, 0, 0, 0, 0, 0, 0, 0, 0, 0, 0],[0, 0, 0, 0, 0, 0, 0, 0, 0, 0, 0, 0],[0, 0, 0, 0, 0, 0, 0, 0, 0, 0, 0, 0],[0, 0, 0, 0, 0, 0, 0, 0, 0, 0, 0, 0],[0, 0, 0, 0, 0, 0, 0, 0, 0, 0, 0, 0],[0, 0, 0, 0, 0, 0, 0, 0, 0, 0, 0, 0],[0, 0, 0, 0, 0, 0, 0, 0, 0, 0, 0, 0],[0, 0, 0, 0, 0, 0, 0, 0, 0, 0, 0, 0],[0, 0, 0, 0, 0, 0, 0, 0, 0, 0, 0, 0],[0, 0, 0, 0, 0, 0, 0, 0, 0, 0, 0, 0],[0, 0, 0, 0, 0, 0, 0, 0, 0, 0, 0, 0],[0, 0, 0, 0, 0, 0, 0, 0, 0, 0, 0, 0],[0, 0, 0, 0, 0, 0, 0, 0, 0, 0, 0, 0],[0, 0, 0, 0, 0, 0, 0, 0, 0, 0, 0, 0],[0, 0, 0, 0, 0, 0, 0, 0, 0, 0, 0, 0],[0, 0, 0, 0, 0, 0, 0, 0, 0, 0, 0, 0],[0, 0, 0, 0, 0, 0, 0, 0, 0, 0, 0, 0],[0, 0, 0, 0, 0, 0, 0, 0, 0, 0, 0, 0],[0, 0, 0, 0, 0, 0, 0, 0, 0, 0, 0, 0],[0, 0, 0, 0, 0, 0, 0, 0, 0, 0, 0, 0],[0, 0, 0, 0, 0, 0, 0, 0, 0, 0, 0, 0],[0, 0, 0, 0, 0, 0, 0, 0, 0, 0, 0, 0],[0, 0, 0, 0, 0, 0, 0, 0, 0, 0, 0, 0]
]',2, 1),
(4, 29, 1, '[[0, 0, 0, 0, 2, 1, 0, 0, 1, 1, 0, 0],[0, 1, 0, 0, 1, 0, 0, 0, 1, 0, 0, 0],[1, 1, 1, 0, 0, 1, 0, 0, 0, 0, 0, 0],[1, 2, 1, 0, 1, 0, 1, 0, 0, 0, 1, 2],[1, 0, 1, 0, 0, 0, 0, 0, 0, 0, 0, 0],[0, 1, 0, 0, 0, 0, 2, 0, 2, 1, 0, 1],[1, 1, 0, 1, 1, 0, 0, 0, 1, 0, 1, 0],[1, 0, 0, 0, 0, 1, 2, 0, 0, 1, 1, 0],[0, 0, 0, 1, 0, 1, 1, 1, 0, 0, 0, 0],[0, 0, 0, 3, 0, 0, 1, 0, 0, 0, 0, 1],[0, 0, 0, 1, 0, 0, 0, 1, 0, 0, 1, 1],[0, 1, 0, 0, 1, 0, 0, 0, 0, 0, 0, 0],[1, 0, 2, 0, 0, 0, 0, 0, 0, 0, 1, 0],[0, 1, 1, 0, 1, 1, 1, 0, 0, 1, 1, 0],[0, 1, 0, 1, 0, 0, 0, 0, 0, 0, 0, 0],[1, 0, 1, 1, 0, 0, 0, 0, 0, 1, 0, 0],[0, 0, 2, 0, 1, 0, 0, 1, 1, 1, 3, 1],[0, 0, 2, 0, 0, 0, 0, 0, 0, 1, 0, 1],[0, 0, 1, 0, 0, 0, 0, 1, 1, 1, 2, 0],[0, 1, 0, 1, 0, 0, 1, 0, 0, 0, 0, 0],[0, 0, 1, 0, 0, 0, 0, 1, 1, 0, 1, 0],[0, 0, 2, 0, 1, 0, 0, 0, 1, 0, 0, 0],[0, 1, 0, 0, 0, 1, 0, 0, 0, 1, 1, 0],[1, 0, 2, 0, 0, 0, 1, 0, 0, 1, 0, 0],[0, 1, 0, 1, 0, 0, 0, 0, 0, 0, 0, 0],[0, 0, 0, 0, 0, 0, 0, 0, 0, 0, 0, 0],[0, 0, 0, 0, 0, 0, 0, 0, 0, 0, 1, 0],[0, 0, 0, 1, 0, 0, 0, 0, 0, 0, 1, 0],[0, 0, 0, 0, 0, 0, 0, 1, 0, 0, 0, 0],[0, 0, 0, 0, 0, 2, 0, 0, 0, 0, 1, 0],[0, 0, 0, 1, 0, 0, 0, 0, 0, 0, 0, 0],[1, 0, 0, 0, 0, 0, 0, 0, 0, 1, 0, 0],[1, 0, 0, 0, 1, 0, 0, 0, 0, 0, 0, 0],[0, 1, 1, 0, 0, 0, 0, 0, 0, 0, 0, 0],[0, 0, 0, 0, 0, 0, 0, 0, 0, 0, 0, 0],[0, 0, 0, 0, 0, 0, 0, 0, 0, 0, 0, 0],[0, 0, 1, 0, 0, 0, 2, 0, 0, 1, 0, 0],[0, 0, 0, 1, 0, 0, 0, 0, 0, 0, 0, 0],[0, 0, 0, 1, 0, 0, 0, 1, 0, 0, 0, 0],[0, 0, 0, 0, 0, 0, 0, 0, 0, 0, 1, 0],[0, 1, 1, 1, 1, 0, 0, 0, 0, 0, 0, 0],[0, 0, 0, 0, 0, 0, 0, 0, 0, 0, 0, 0],[0, 0, 0, 0, 0, 0, 1, 0, 0, 0, 0, 0],[0, 0, 0, 0, 0, 0, 0, 0, 0, 0, 0, 0],[0, 0, 0, 0, 0, 0, 0, 0, 1, 0, 0, 0],[0, 0, 0, 0, 0, 0, 0, 0, 0, 0, 0, 0],[0, 0, 0, 0, 0, 0, 0, 0, 0, 0, 0, 0],[0, 1, 0, 0, 0, 0, 0, 0, 0, 0, 0, 0],[2, 0, 0, 0, 0, 0, 0, 0, 0, 0, 0, 1],[0, 0, 0, 0, 0, 0, 1, 0, 0, 0, 0, 0],[0, 0, 0, 0, 0, 0, 0, 1, 0, 0, 0, 0],[1, 0, 1, 0, 1, 0, 1, 0, 0, 0, 0, 0],[0, 0, 1, 0, 0, 0, 0, 0, 0, 0, 0, 0],[0, 0, 0, 1, 0, 0, 0, 1, 0, 0, 0, 0],[0, 0, 0, 0, 0, 0, 0, 0, 0, 1, 0, 0],[1, 0, 0, 0, 0, 0, 0, 0, 0, 0, 0, 0],[0, 0, 0, 0, 0, 0, 0, 0, 0, 1, 0, 0],[0, 0, 0, 0, 1, 2, 0, 0, 0, 0, 2, 0],[0, 0, 0, 0, 0, 0, 1, 0, 0, 0, 0, 1],[0, 0, 0, 0, 0, 0, 0, 0, 0, 0, 0, 0],[0, 1, 0, 0, 0, 1, 0, 0, 0, 0, 0, 0],[0, 0, 0, 0, 2, 0, 0, 0, 0, 0, 0, 0],[0, 0, 0, 0, 0, 0, 0, 0, 0, 0, 0, 0],[0, 0, 0, 0, 0, 1, 0, 0, 0, 0, 0, 0],[0, 1, 0, 0, 0, 0, 1, 0, 0, 1, 0, 0],[0, 0, 0, 0, 0, 0, 0, 0, 0, 0, 0, 0],[0, 1, 0, 0, 0, 0, 0, 0, 0, 0, 0, 0],[0, 0, 0, 0, 0, 0, 0, 0, 0, 0, 0, 0],[0, 0, 0, 0, 0, 0, 0, 0, 0, 0, 0, 0],[0, 0, 0, 1, 0, 0, 0, 0, 0, 0, 0, 0],[0, 0, 0, 0, 0, 0, 2, 0, 0, 0, 0, 0],[0, 0, 0, 0, 0, 0, 0, 0, 0, 0, 0, 0],[0, 0, 0, 0, 0, 0, 0, 0, 0, 0, 0, 0],[0, 0, 0, 0, 1, 0, 0, 0, 0, 0, 0, 0],[0, 0, 0, 0, 0, 0, 0, 0, 0, 0, 0, 0],[0, 0, 1, 0, 0, 0, 0, 0, 0, 1, 0, 0],[0, 1, 0, 0, 0, 0, 0, 0, 0, 0, 0, 0],[1, 0, 0, 0, 0, 0, 0, 0, 0, 0, 0, 0],[0, 0, 0, 0, 1, 0, 0, 0, 1, 0, 1, 1],[1, 0, 0, 0, 0, 0, 0, 0, 0, 0, 0, 0],[0, 0, 0, 0, 0, 0, 0, 0, 0, 0, 0, 0],[0, 0, 0, 0, 0, 0, 0, 0, 0, 0, 0, 0],[0, 0, 0, 0, 0, 0, 0, 0, 0, 0, 0, 0],[0, 0, 0, 0, 0, 0, 0, 0, 0, 0, 0, 0],[0, 0, 0, 0, 0, 0, 0, 0, 0, 0, 0, 0],[0, 0, 0, 0, 0, 0, 0, 0, 0, 0, 0, 0],[0, 0, 0, 0, 0, 0, 0, 0, 0, 0, 0, 0],[0, 0, 0, 0, 0, 0, 0, 0, 0, 0, 0, 0],[0, 0, 0, 0, 0, 0, 0, 0, 0, 0, 0, 0],[0, 0, 0, 0, 0, 0, 0, 0, 0, 0, 0, 0],[0, 0, 0, 0, 0, 0, 0, 0, 0, 0, 0, 0],[0, 0, 0, 0, 0, 0, 0, 0, 0, 0, 0, 0],[0, 0, 0, 0, 0, 0, 0, 0, 0, 0, 0, 0],[0, 0, 0, 0, 0, 0, 0, 0, 0, 0, 0, 0],[0, 0, 0, 0, 0, 0, 0, 0, 0, 0, 0, 0],[0, 0, 0, 0, 0, 0, 0, 0, 0, 0, 0, 0],[0, 0, 0, 0, 0, 0, 0, 0, 0, 0, 0, 0],[0, 0, 0, 0, 0, 0, 0, 0, 0, 0, 0, 0],[0, 0, 0, 0, 0, 0, 0, 0, 0, 0, 0, 0],[0, 0, 0, 0, 0, 0, 0, 0, 0, 0, 0, 0],[0, 0, 0, 0, 0, 0, 0, 0, 0, 0, 0, 0],[0, 0, 0, 0, 0, 0, 0, 0, 0, 0, 0, 0],[0, 0, 0, 0, 0, 0, 0, 0, 0, 0, 0, 0],[0, 0, 0, 0, 0, 0, 0, 0, 0, 0, 0, 0],[0, 0, 0, 0, 0, 0, 0, 0, 0, 0, 0, 0],[0, 0, 0, 0, 0, 0, 0, 0, 0, 0, 0, 0],[0, 0, 0, 0, 0, 0, 0, 0, 0, 0, 0, 0],[0, 0, 0, 0, 0, 0, 0, 0, 0, 0, 0, 0],[0, 0, 0, 0, 0, 0, 0, 0, 0, 0, 0, 0],[0, 0, 0, 0, 0, 0, 0, 0, 0, 0, 0, 0],[0, 0, 0, 0, 0, 0, 0, 0, 0, 0, 0, 0],[0, 0, 0, 0, 0, 0, 0, 0, 0, 0, 0, 0],[0, 0, 0, 0, 0, 0, 0, 0, 0, 0, 0, 0],[0, 0, 0, 0, 0, 0, 0, 0, 0, 0, 0, 0],[0, 0, 0, 0, 0, 0, 0, 0, 0, 0, 0, 0],[0, 0, 0, 0, 0, 0, 0, 0, 0, 0, 0, 0],[0, 0, 0, 0, 0, 0, 0, 0, 0, 0, 0, 0],[0, 0, 0, 0, 0, 0, 0, 0, 0, 0, 0, 0],[0, 0, 0, 0, 0, 0, 0, 0, 0, 0, 0, 0],[0, 0, 0, 0, 0, 0, 0, 0, 0, 0, 0, 0],[0, 0, 0, 0, 0, 0, 0, 0, 0, 0, 0, 0],[0, 0, 0, 0, 0, 0, 0, 0, 0, 0, 0, 0],[0, 0, 0, 0, 0, 0, 0, 0, 0, 0, 0, 0],[0, 0, 0, 0, 0, 0, 0, 0, 0, 0, 0, 0],[0, 0, 0, 0, 0, 0, 0, 0, 0, 0, 0, 0],[0, 0, 0, 0, 0, 0, 0, 0, 0, 0, 0, 0],[0, 0, 0, 0, 0, 0, 0, 0, 0, 0, 0, 0],[0, 0, 0, 0, 0, 0, 0, 0, 0, 0, 0, 0],[0, 0, 0, 0, 0, 0, 0, 0, 0, 0, 0, 0],[0, 0, 0, 0, 0, 0, 0, 0, 0, 0, 0, 0]
]',3, 1),
(5, 29, 1, '[[0, 0, 0, 0, 2, 1, 0, 0, 0, 1, 0, 0],[0, 1, 0, 0, 1, 0, 0, 0, 1, 0, 0, 0],[1, 1, 1, 0, 0, 1, 0, 0, 0, 0, 0, 0],[1, 2, 1, 0, 1, 0, 1, 0, 0, 0, 1, 2],[1, 0, 0, 0, 0, 0, 0, 0, 0, 0, 0, 0],[0, 1, 0, 0, 0, 0, 2, 0, 2, 1, 0, 1],[0, 1, 0, 1, 1, 0, 0, 0, 1, 0, 1, 0],[1, 0, 0, 0, 0, 1, 2, 0, 0, 1, 0, 0],[0, 0, 0, 0, 0, 1, 1, 1, 0, 0, 0, 0],[0, 0, 0, 3, 0, 0, 1, 0, 0, 0, 0, 1],[0, 0, 0, 1, 0, 0, 0, 1, 0, 0, 1, 1],[0, 1, 0, 0, 1, 0, 0, 0, 0, 0, 0, 0],[1, 0, 2, 0, 0, 0, 0, 0, 0, 0, 1, 0],[0, 1, 1, 0, 1, 1, 1, 0, 0, 1, 0, 0],[0, 1, 0, 1, 0, 0, 0, 0, 0, 0, 0, 0],[0, 0, 1, 1, 0, 0, 0, 0, 0, 1, 0, 0],[0, 0, 2, 0, 1, 0, 0, 1, 1, 0, 3, 0],[0, 0, 2, 0, 0, 0, 0, 0, 0, 1, 0, 1],[0, 0, 1, 0, 0, 0, 0, 1, 1, 1, 2, 0],[0, 1, 0, 1, 0, 0, 1, 0, 0, 0, 0, 0],[0, 0, 1, 0, 0, 0, 0, 0, 1, 0, 1, 0],[0, 0, 2, 0, 1, 0, 0, 0, 0, 0, 0, 0],[0, 1, 0, 0, 0, 1, 0, 0, 0, 1, 1, 0],[1, 0, 2, 0, 0, 0, 0, 0, 0, 1, 0, 0],[0, 1, 0, 1, 0, 0, 0, 0, 0, 0, 0, 0],[0, 0, 0, 0, 0, 0, 0, 0, 0, 0, 0, 0],[0, 0, 0, 0, 0, 0, 0, 0, 0, 0, 1, 0],[0, 0, 0, 1, 0, 0, 0, 0, 0, 0, 1, 0],[0, 0, 0, 0, 0, 0, 0, 1, 0, 0, 0, 0],[0, 0, 0, 0, 0, 2, 0, 0, 0, 0, 1, 0],[0, 0, 0, 1, 0, 0, 0, 0, 0, 0, 0, 0],[1, 0, 0, 0, 0, 0, 0, 0, 0, 0, 0, 0],[1, 0, 0, 0, 1, 0, 0, 0, 0, 0, 0, 0],[0, 1, 1, 0, 0, 0, 0, 0, 0, 0, 0, 0],[0, 0, 0, 0, 0, 0, 0, 0, 0, 0, 0, 0],[0, 0, 0, 0, 0, 0, 0, 0, 0, 0, 0, 0],[0, 0, 1, 0, 0, 0, 1, 0, 0, 1, 0, 0],[0, 0, 0, 1, 0, 0, 0, 0, 0, 0, 0, 0],[0, 0, 0, 1, 0, 0, 0, 1, 0, 0, 0, 0],[0, 0, 0, 0, 0, 0, 0, 0, 0, 0, 1, 0],[0, 1, 1, 0, 1, 0, 0, 0, 0, 0, 0, 0],[0, 0, 0, 0, 0, 0, 0, 0, 0, 0, 0, 0],[0, 0, 0, 0, 0, 0, 1, 0, 0, 0, 0, 0],[0, 0, 0, 0, 0, 0, 0, 0, 0, 0, 0, 0],[0, 0, 0, 0, 0, 0, 0, 0, 1, 0, 0, 0],[0, 0, 0, 0, 0, 0, 0, 0, 0, 0, 0, 0],[0, 0, 0, 0, 0, 0, 0, 0, 0, 0, 0, 0],[0, 1, 0, 0, 0, 0, 0, 0, 0, 0, 0, 0],[2, 0, 0, 0, 0, 0, 0, 0, 0, 0, 0, 1],[0, 0, 0, 0, 0, 0, 1, 0, 0, 0, 0, 0],[0, 0, 0, 0, 0, 0, 0, 1, 0, 0, 0, 0],[1, 0, 1, 0, 1, 0, 1, 0, 0, 0, 0, 0],[0, 0, 1, 0, 0, 0, 0, 0, 0, 0, 0, 0],[0, 0, 0, 1, 0, 0, 0, 1, 0, 0, 0, 0],[0, 0, 0, 0, 0, 0, 0, 0, 0, 1, 0, 0],[1, 0, 0, 0, 0, 0, 0, 0, 0, 0, 0, 0],[0, 0, 0, 0, 0, 0, 0, 0, 0, 0, 0, 0],[0, 0, 0, 0, 1, 2, 0, 0, 0, 0, 1, 0],[0, 0, 0, 0, 0, 0, 0, 0, 0, 0, 0, 0],[0, 0, 0, 0, 0, 0, 0, 0, 0, 0, 0, 0],[0, 1, 0, 0, 0, 1, 0, 0, 0, 0, 0, 0],[0, 0, 0, 0, 2, 0, 0, 0, 0, 0, 0, 0],[0, 0, 0, 0, 0, 0, 0, 0, 0, 0, 0, 0],[0, 0, 0, 0, 0, 1, 0, 0, 0, 0, 0, 0],[0, 1, 0, 0, 0, 0, 1, 0, 0, 0, 0, 0],[0, 0, 0, 0, 0, 0, 0, 0, 0, 0, 0, 0],[0, 1, 0, 0, 0, 0, 0, 0, 0, 0, 0, 0],[0, 0, 0, 0, 0, 0, 0, 0, 0, 0, 0, 0],[0, 0, 0, 0, 0, 0, 0, 0, 0, 0, 0, 0],[0, 0, 0, 1, 0, 0, 0, 0, 0, 0, 0, 0],[0, 0, 0, 0, 0, 0, 2, 0, 0, 0, 0, 0],[0, 0, 0, 0, 0, 0, 0, 0, 0, 0, 0, 0],[0, 0, 0, 0, 0, 0, 0, 0, 0, 0, 0, 0],[0, 0, 0, 0, 1, 0, 0, 0, 0, 0, 0, 0],[0, 0, 0, 0, 0, 0, 0, 0, 0, 0, 0, 0],[0, 0, 1, 0, 0, 0, 0, 0, 0, 1, 0, 0],[0, 0, 0, 0, 0, 0, 0, 0, 0, 0, 0, 0],[1, 0, 0, 0, 0, 0, 0, 0, 0, 0, 0, 0],[0, 0, 0, 0, 1, 0, 0, 0, 1, 0, 1, 1],[1, 0, 0, 0, 0, 0, 0, 0, 0, 0, 0, 0],[0, 0, 0, 0, 0, 0, 0, 0, 0, 0, 0, 0],[0, 0, 0, 0, 0, 0, 0, 0, 0, 0, 0, 0],[0, 0, 0, 0, 0, 0, 0, 0, 0, 0, 0, 0],[0, 0, 0, 0, 0, 0, 0, 0, 0, 0, 0, 0],[0, 0, 0, 0, 0, 0, 0, 0, 0, 0, 0, 0],[0, 0, 0, 0, 0, 0, 0, 0, 0, 0, 0, 0],[0, 0, 0, 0, 0, 0, 0, 0, 0, 0, 0, 0],[0, 0, 0, 0, 0, 0, 0, 0, 0, 0, 0, 0],[0, 0, 0, 0, 0, 0, 0, 0, 0, 0, 0, 0],[0, 0, 0, 0, 0, 0, 0, 0, 0, 0, 0, 0],[0, 0, 0, 0, 0, 0, 0, 0, 0, 0, 0, 0],[0, 0, 0, 0, 0, 0, 0, 0, 0, 0, 0, 0],[0, 0, 0, 0, 0, 0, 0, 0, 0, 0, 0, 0],[0, 0, 0, 0, 0, 0, 0, 0, 0, 0, 0, 0],[0, 0, 0, 0, 0, 0, 0, 0, 0, 0, 0, 0],[0, 0, 0, 0, 0, 0, 0, 0, 0, 0, 0, 0],[0, 0, 0, 0, 0, 0, 0, 0, 0, 0, 0, 0],[0, 0, 0, 0, 0, 0, 0, 0, 0, 0, 0, 0],[0, 0, 0, 0, 0, 0, 0, 0, 0, 0, 0, 0],[0, 0, 0, 0, 0, 0, 0, 0, 0, 0, 0, 0],[0, 0, 0, 0, 0, 0, 0, 0, 0, 0, 0, 0],[0, 0, 0, 0, 0, 0, 0, 0, 0, 0, 0, 0],[0, 0, 0, 0, 0, 0, 0, 0, 0, 0, 0, 0],[0, 0, 0, 0, 0, 0, 0, 0, 0, 0, 0, 0],[0, 0, 0, 0, 0, 0, 0, 0, 0, 0, 0, 0],[0, 0, 0, 0, 0, 0, 0, 0, 0, 0, 0, 0],[0, 0, 0, 0, 0, 0, 0, 0, 0, 0, 0, 0],[0, 0, 0, 0, 0, 0, 0, 0, 0, 0, 0, 0],[0, 0, 0, 0, 0, 0, 0, 0, 0, 0, 0, 0],[0, 0, 0, 0, 0, 0, 0, 0, 0, 0, 0, 0],[0, 0, 0, 0, 0, 0, 0, 0, 0, 0, 0, 0],[0, 0, 0, 0, 0, 0, 0, 0, 0, 0, 0, 0],[0, 0, 0, 0, 0, 0, 0, 0, 0, 0, 0, 0],[0, 0, 0, 0, 0, 0, 0, 0, 0, 0, 0, 0],[0, 0, 0, 0, 0, 0, 0, 0, 0, 0, 0, 0],[0, 0, 0, 0, 0, 0, 0, 0, 0, 0, 0, 0],[0, 0, 0, 0, 0, 0, 0, 0, 0, 0, 0, 0],[0, 0, 0, 0, 0, 0, 0, 0, 0, 0, 0, 0],[0, 0, 0, 0, 0, 0, 0, 0, 0, 0, 0, 0],[0, 0, 0, 0, 0, 0, 0, 0, 0, 0, 0, 0],[0, 0, 0, 0, 0, 0, 0, 0, 0, 0, 0, 0],[0, 0, 0, 0, 0, 0, 0, 0, 0, 0, 0, 0],[0, 0, 0, 0, 0, 0, 0, 0, 0, 0, 0, 0],[0, 0, 0, 0, 0, 0, 0, 0, 0, 0, 0, 0],[0, 0, 0, 0, 0, 0, 0, 0, 0, 0, 0, 0],[0, 0, 0, 0, 0, 0, 0, 0, 0, 0, 0, 0],[0, 0, 0, 0, 0, 0, 0, 0, 0, 0, 0, 0],[0, 0, 0, 0, 0, 0, 0, 0, 0, 0, 0, 0],[0, 0, 0, 0, 0, 0, 0, 0, 0, 0, 0, 0],[0, 0, 0, 0, 0, 0, 0, 0, 0, 0, 0, 0]
]',4, 1),
(6, 29, 1, '[[0, 0, 0, 0, 2, 1, 0, 0, 0, 1, 0, 0],[0, 1, 0, 0, 1, 0, 0, 0, 1, 0, 0, 0],[1, 1, 1, 0, 0, 1, 0, 0, 0, 1, 0, 0],[1, 3, 1, 0, 1, 0, 2, 0, 0, 0, 1, 2],[1, 0, 0, 0, 0, 0, 0, 0, 0, 0, 1, 0],[0, 1, 0, 0, 0, 0, 3, 0, 2, 1, 0, 1],[0, 1, 0, 1, 1, 0, 0, 0, 1, 0, 1, 0],[1, 0, 0, 0, 0, 1, 2, 0, 0, 1, 0, 0],[0, 0, 0, 0, 0, 1, 1, 1, 0, 0, 0, 0],[0, 0, 0, 3, 0, 0, 1, 0, 0, 0, 0, 1],[0, 0, 0, 1, 0, 0, 0, 1, 0, 0, 1, 1],[0, 1, 0, 0, 1, 0, 0, 0, 0, 0, 0, 0],[1, 0, 2, 0, 0, 0, 0, 0, 0, 0, 1, 0],[0, 1, 1, 0, 1, 1, 1, 0, 0, 1, 0, 0],[0, 1, 0, 1, 0, 0, 0, 0, 0, 0, 0, 0],[0, 0, 1, 1, 0, 0, 0, 0, 0, 1, 0, 0],[0, 0, 2, 0, 1, 0, 0, 1, 1, 0, 3, 0],[0, 0, 2, 0, 0, 0, 0, 0, 0, 1, 0, 1],[0, 0, 1, 0, 0, 0, 0, 1, 1, 1, 2, 0],[1, 1, 0, 1, 0, 0, 1, 0, 0, 0, 0, 0],[0, 0, 1, 0, 0, 0, 0, 0, 1, 0, 1, 0],[0, 0, 2, 0, 1, 0, 0, 0, 0, 0, 0, 0],[0, 1, 0, 0, 0, 1, 0, 0, 0, 1, 1, 0],[1, 0, 2, 1, 0, 0, 0, 0, 0, 1, 0, 0],[0, 1, 0, 1, 0, 0, 0, 0, 0, 0, 0, 0],[0, 0, 0, 0, 0, 0, 0, 0, 0, 0, 0, 0],[0, 0, 0, 0, 0, 0, 0, 1, 0, 0, 1, 0],[0, 0, 0, 1, 0, 0, 0, 0, 0, 0, 1, 0],[0, 0, 0, 0, 0, 0, 0, 1, 0, 0, 0, 0],[0, 0, 0, 0, 0, 2, 0, 0, 0, 0, 1, 0],[0, 0, 0, 1, 0, 0, 0, 0, 0, 0, 0, 0],[1, 0, 0, 0, 0, 1, 0, 0, 0, 0, 0, 0],[1, 0, 0, 0, 1, 0, 0, 0, 0, 0, 0, 0],[0, 1, 1, 0, 0, 0, 0, 0, 0, 0, 0, 0],[0, 0, 0, 0, 0, 0, 0, 0, 0, 0, 0, 0],[0, 0, 0, 0, 0, 0, 0, 0, 0, 0, 0, 0],[0, 0, 1, 0, 0, 0, 1, 0, 0, 1, 0, 0],[0, 0, 0, 1, 0, 0, 0, 0, 0, 0, 0, 0],[0, 0, 0, 1, 0, 0, 0, 1, 0, 0, 0, 0],[0, 0, 0, 0, 0, 0, 0, 0, 0, 0, 1, 0],[0, 1, 1, 0, 1, 0, 0, 0, 0, 0, 0, 0],[0, 0, 0, 0, 0, 0, 0, 0, 0, 0, 0, 0],[0, 0, 0, 0, 0, 0, 1, 0, 0, 0, 0, 0],[1, 0, 0, 0, 0, 0, 0, 0, 0, 0, 0, 0],[0, 0, 0, 0, 0, 0, 0, 0, 1, 0, 0, 0],[0, 0, 0, 0, 0, 0, 0, 0, 0, 0, 0, 0],[0, 0, 0, 0, 0, 0, 0, 0, 0, 0, 0, 0],[0, 1, 0, 0, 0, 0, 0, 0, 0, 0, 0, 0],[2, 0, 0, 0, 0, 0, 0, 0, 0, 0, 0, 1],[0, 0, 0, 0, 0, 0, 1, 0, 0, 0, 0, 0],[0, 0, 0, 0, 0, 0, 0, 1, 0, 0, 0, 0],[1, 0, 1, 0, 1, 0, 1, 0, 0, 0, 0, 0],[0, 0, 1, 0, 0, 0, 0, 0, 0, 0, 0, 0],[0, 0, 0, 1, 0, 0, 0, 1, 0, 0, 0, 0],[0, 0, 0, 0, 0, 0, 0, 0, 0, 1, 0, 0],[1, 0, 0, 0, 0, 1, 0, 0, 0, 0, 0, 0],[0, 0, 0, 0, 0, 0, 0, 0, 0, 0, 0, 0],[0, 0, 0, 0, 1, 2, 0, 0, 0, 0, 1, 0],[0, 0, 0, 0, 0, 0, 0, 0, 0, 0, 0, 0],[0, 0, 0, 0, 0, 0, 0, 0, 0, 0, 0, 0],[0, 1, 0, 0, 0, 1, 0, 0, 0, 0, 0, 0],[0, 0, 0, 0, 2, 0, 0, 0, 0, 0, 0, 0],[0, 0, 0, 0, 0, 0, 0, 0, 0, 0, 0, 0],[0, 0, 0, 0, 0, 1, 0, 0, 0, 0, 0, 0],[0, 1, 0, 0, 0, 0, 1, 0, 0, 0, 0, 0],[0, 0, 0, 0, 0, 0, 0, 0, 0, 0, 0, 0],[0, 1, 0, 0, 0, 0, 0, 0, 0, 0, 0, 0],[0, 0, 0, 0, 0, 0, 0, 0, 0, 0, 0, 0],[0, 0, 0, 0, 0, 0, 0, 0, 0, 0, 0, 0],[0, 0, 0, 1, 0, 0, 0, 0, 0, 0, 0, 0],[0, 0, 0, 0, 0, 0, 2, 0, 0, 0, 0, 0],[0, 0, 0, 0, 0, 0, 0, 0, 0, 0, 0, 0],[0, 0, 0, 0, 0, 0, 0, 0, 0, 0, 0, 0],[0, 0, 0, 0, 1, 0, 0, 0, 0, 0, 0, 0],[0, 0, 0, 0, 0, 0, 0, 0, 0, 0, 0, 0],[0, 0, 1, 0, 0, 0, 0, 0, 0, 1, 0, 0],[0, 0, 0, 0, 0, 0, 0, 0, 0, 0, 0, 0],[1, 0, 0, 0, 1, 0, 0, 0, 0, 2, 0, 0],[0, 0, 0, 0, 1, 0, 0, 0, 1, 0, 1, 1],[1, 0, 0, 0, 0, 0, 0, 0, 0, 0, 0, 0],[0, 0, 0, 0, 0, 0, 0, 0, 0, 0, 0, 0],[0, 0, 0, 0, 0, 0, 0, 0, 0, 0, 0, 0],[0, 0, 0, 0, 0, 0, 0, 0, 0, 0, 0, 0],[0, 0, 0, 0, 0, 0, 0, 0, 0, 0, 0, 0],[0, 0, 0, 0, 0, 0, 0, 0, 0, 0, 0, 0],[0, 0, 0, 0, 0, 0, 0, 0, 0, 0, 0, 0],[0, 0, 0, 0, 0, 0, 0, 0, 0, 0, 0, 0],[0, 0, 0, 0, 0, 0, 0, 0, 0, 0, 0, 0],[0, 0, 0, 0, 0, 0, 0, 0, 0, 0, 0, 0],[0, 0, 0, 0, 0, 0, 0, 0, 0, 0, 0, 0],[0, 0, 0, 0, 0, 0, 0, 0, 0, 0, 0, 0],[0, 0, 0, 0, 0, 0, 0, 0, 0, 0, 0, 0],[0, 0, 0, 0, 0, 0, 0, 0, 0, 0, 0, 0],[0, 0, 0, 0, 0, 0, 0, 0, 0, 0, 0, 0],[0, 0, 0, 0, 0, 0, 0, 0, 0, 0, 0, 0],[0, 0, 0, 0, 0, 0, 0, 0, 0, 0, 0, 0],[0, 0, 0, 0, 0, 0, 0, 0, 0, 0, 0, 0],[0, 0, 0, 0, 0, 0, 0, 0, 0, 0, 0, 0],[0, 0, 0, 0, 0, 0, 0, 0, 0, 0, 0, 0],[0, 0, 0, 0, 0, 0, 0, 0, 0, 0, 0, 0],[0, 0, 0, 0, 0, 0, 0, 0, 0, 0, 0, 0],[0, 0, 0, 0, 0, 0, 0, 0, 0, 0, 0, 0],[0, 0, 0, 0, 0, 0, 0, 0, 0, 0, 0, 0],[0, 0, 0, 0, 0, 0, 0, 0, 0, 0, 0, 0],[0, 0, 0, 0, 0, 0, 0, 0, 0, 0, 0, 0],[0, 0, 0, 0, 0, 0, 0, 0, 0, 0, 0, 0],[0, 0, 0, 0, 0, 0, 0, 0, 0, 0, 0, 0],[0, 0, 0, 0, 0, 0, 0, 0, 0, 0, 0, 0],[0, 0, 0, 0, 0, 0, 0, 0, 0, 0, 0, 0],[0, 0, 0, 0, 0, 0, 0, 0, 0, 0, 0, 0],[0, 0, 0, 0, 0, 0, 0, 0, 0, 0, 0, 0],[0, 0, 0, 0, 0, 0, 0, 0, 0, 0, 0, 0],[0, 0, 0, 0, 0, 0, 0, 0, 0, 0, 0, 0],[0, 0, 0, 0, 0, 0, 0, 0, 0, 0, 0, 0],[0, 0, 0, 0, 0, 0, 0, 0, 0, 0, 0, 0],[0, 0, 0, 0, 0, 0, 0, 0, 0, 0, 0, 0],[0, 0, 0, 0, 0, 0, 0, 0, 0, 0, 0, 0],[0, 0, 0, 0, 0, 0, 0, 0, 0, 0, 0, 0],[0, 0, 0, 0, 0, 0, 0, 0, 0, 0, 0, 0],[0, 0, 0, 0, 0, 0, 0, 0, 0, 0, 0, 0],[0, 0, 0, 0, 0, 0, 0, 0, 0, 0, 0, 0],[0, 0, 0, 0, 0, 0, 0, 0, 0, 0, 0, 0],[0, 0, 0, 0, 0, 0, 0, 0, 0, 0, 0, 0],[0, 0, 0, 0, 0, 0, 0, 0, 0, 0, 0, 0],[0, 0, 0, 0, 0, 0, 0, 0, 0, 0, 0, 0],[0, 0, 0, 0, 0, 0, 0, 0, 0, 0, 0, 0],[0, 0, 0, 0, 0, 0, 0, 0, 0, 0, 0, 0],[0, 0, 0, 0, 0, 0, 0, 0, 0, 0, 0, 0],[0, 0, 0, 0, 0, 0, 0, 0, 0, 0, 0, 0],[0, 0, 0, 0, 0, 0, 0, 0, 0, 0, 0, 0]
]',5, 1),
(7, 29, 1, '[[0, 0, 0, 0, 2, 1, 0, 0, 0, 1, 0, 0],[0, 1, 0, 0, 1, 1, 0, 0, 1, 0, 0, 1],[1, 1, 1, 0, 0, 1, 0, 0, 0, 1, 0, 0],[1, 3, 1, 0, 1, 0, 2, 0, 0, 0, 1, 2],[1, 0, 0, 0, 0, 0, 0, 0, 0, 0, 1, 0],[0, 1, 0, 0, 0, 0, 3, 0, 2, 2, 0, 1],[0, 1, 0, 1, 1, 0, 0, 0, 1, 0, 1, 0],[1, 0, 0, 0, 0, 1, 2, 0, 0, 1, 0, 0],[0, 0, 0, 0, 0, 1, 1, 1, 0, 0, 0, 0],[0, 0, 0, 3, 0, 0, 1, 0, 0, 0, 0, 1],[0, 0, 0, 1, 0, 0, 0, 1, 0, 0, 1, 1],[0, 1, 0, 0, 1, 0, 0, 0, 0, 0, 0, 0],[1, 0, 2, 0, 0, 0, 0, 0, 0, 0, 1, 0],[0, 1, 1, 0, 1, 1, 1, 0, 0, 1, 0, 0],[0, 1, 0, 1, 0, 0, 0, 0, 0, 0, 0, 0],[0, 0, 1, 1, 0, 0, 0, 0, 0, 1, 0, 0],[0, 0, 2, 0, 1, 0, 0, 1, 1, 0, 3, 0],[0, 0, 2, 0, 0, 0, 0, 0, 0, 1, 0, 1],[0, 0, 1, 0, 0, 0, 0, 1, 1, 1, 2, 0],[1, 1, 0, 1, 0, 0, 1, 0, 1, 0, 0, 0],[0, 0, 1, 0, 0, 0, 0, 0, 1, 0, 1, 0],[0, 0, 3, 0, 1, 0, 0, 0, 0, 0, 0, 0],[0, 1, 0, 0, 0, 1, 0, 0, 0, 1, 1, 0],[1, 0, 2, 1, 0, 0, 0, 0, 0, 1, 0, 0],[0, 1, 0, 1, 0, 0, 0, 0, 0, 1, 0, 0],[0, 0, 0, 0, 0, 0, 0, 0, 0, 0, 0, 0],[0, 0, 0, 0, 0, 1, 0, 1, 0, 0, 1, 0],[0, 0, 0, 1, 0, 0, 0, 0, 0, 0, 1, 0],[0, 0, 0, 0, 0, 0, 0, 1, 0, 0, 0, 0],[0, 0, 0, 0, 0, 2, 0, 0, 0, 0, 1, 0],[0, 0, 0, 1, 0, 0, 0, 0, 0, 0, 0, 0],[2, 0, 0, 0, 0, 1, 0, 0, 0, 0, 0, 0],[1, 0, 0, 0, 1, 0, 0, 0, 0, 0, 0, 0],[0, 1, 1, 0, 0, 0, 0, 0, 0, 0, 0, 0],[0, 0, 0, 0, 0, 0, 0, 0, 0, 0, 0, 0],[0, 0, 0, 0, 0, 0, 0, 0, 0, 0, 0, 0],[0, 0, 1, 0, 0, 0, 1, 0, 0, 1, 0, 0],[0, 0, 0, 1, 0, 0, 0, 0, 0, 0, 0, 0],[0, 0, 1, 1, 0, 0, 0, 1, 0, 0, 0, 0],[0, 0, 0, 0, 0, 0, 0, 0, 0, 0, 1, 0],[0, 1, 1, 0, 1, 0, 0, 0, 0, 0, 0, 0],[0, 0, 0, 0, 0, 0, 0, 0, 0, 0, 0, 0],[0, 0, 0, 0, 0, 0, 1, 0, 0, 0, 0, 0],[1, 0, 0, 0, 0, 0, 0, 0, 0, 0, 0, 0],[0, 0, 0, 0, 0, 0, 0, 0, 1, 0, 0, 0],[0, 0, 0, 0, 0, 0, 0, 0, 0, 0, 0, 0],[0, 0, 0, 0, 0, 0, 0, 0, 0, 0, 0, 0],[0, 1, 0, 0, 0, 0, 0, 0, 0, 0, 0, 0],[2, 0, 0, 0, 0, 0, 0, 0, 0, 0, 0, 1],[0, 0, 0, 0, 0, 0, 1, 0, 0, 0, 0, 0],[0, 0, 0, 0, 0, 0, 0, 1, 0, 0, 0, 0],[1, 0, 1, 0, 1, 0, 1, 0, 0, 0, 0, 0],[0, 0, 1, 0, 0, 0, 0, 0, 0, 0, 0, 0],[1, 0, 0, 1, 0, 0, 0, 1, 0, 0, 0, 0],[0, 0, 0, 0, 0, 0, 1, 0, 0, 1, 0, 0],[1, 0, 0, 0, 0, 1, 0, 0, 0, 0, 0, 0],[0, 0, 0, 0, 0, 0, 0, 0, 0, 0, 0, 0],[0, 0, 0, 0, 1, 2, 0, 0, 0, 0, 1, 0],[0, 0, 0, 0, 0, 0, 0, 0, 0, 0, 0, 0],[0, 0, 0, 0, 0, 1, 0, 0, 0, 0, 0, 0],[0, 1, 0, 0, 0, 1, 0, 0, 0, 0, 0, 0],[0, 0, 0, 0, 2, 0, 0, 0, 0, 0, 0, 0],[0, 0, 0, 0, 0, 0, 0, 0, 0, 0, 0, 0],[0, 0, 0, 0, 0, 1, 0, 0, 0, 0, 0, 0],[0, 1, 0, 0, 0, 0, 1, 0, 0, 0, 0, 0],[0, 0, 0, 0, 0, 0, 0, 0, 0, 0, 0, 0],[0, 1, 0, 0, 0, 0, 0, 0, 0, 0, 0, 0],[0, 0, 0, 0, 0, 0, 0, 0, 0, 0, 0, 0],[0, 0, 0, 0, 0, 0, 0, 0, 0, 0, 0, 0],[0, 0, 0, 1, 0, 0, 0, 0, 0, 0, 0, 0],[0, 0, 0, 0, 0, 0, 2, 0, 0, 0, 0, 0],[0, 0, 0, 0, 0, 0, 0, 0, 0, 0, 0, 0],[0, 0, 0, 0, 1, 0, 0, 0, 0, 0, 0, 0],[0, 0, 0, 0, 1, 0, 0, 0, 0, 0, 0, 0],[0, 0, 0, 0, 0, 0, 0, 0, 0, 0, 0, 0],[0, 0, 1, 0, 0, 0, 0, 0, 0, 1, 0, 0],[0, 0, 0, 0, 0, 0, 0, 0, 0, 0, 0, 0],[1, 0, 0, 0, 1, 0, 0, 0, 0, 2, 0, 0],[0, 0, 0, 0, 1, 0, 0, 0, 1, 0, 1, 1],[1, 0, 0, 0, 0, 0, 0, 0, 0, 0, 0, 0],[0, 0, 0, 0, 0, 0, 0, 0, 0, 0, 0, 0],[0, 0, 0, 0, 0, 0, 0, 0, 0, 0, 0, 0],[0, 0, 0, 0, 0, 0, 0, 0, 0, 0, 0, 0],[0, 0, 0, 0, 0, 0, 0, 0, 0, 0, 0, 0],[0, 0, 0, 0, 0, 0, 0, 0, 0, 0, 0, 0],[0, 0, 0, 0, 0, 0, 0, 0, 0, 0, 0, 0],[0, 0, 0, 0, 0, 0, 0, 0, 0, 0, 0, 0],[0, 0, 0, 0, 0, 0, 0, 0, 0, 0, 0, 0],[0, 0, 0, 0, 0, 0, 0, 0, 0, 0, 0, 0],[0, 0, 0, 0, 0, 0, 0, 0, 0, 0, 0, 0],[0, 0, 0, 0, 0, 0, 0, 0, 0, 0, 0, 0],[0, 0, 0, 0, 0, 0, 0, 0, 0, 0, 0, 0],[0, 0, 0, 0, 0, 0, 0, 0, 0, 0, 0, 0],[0, 0, 0, 0, 0, 0, 0, 0, 0, 0, 0, 0],[0, 0, 0, 0, 0, 0, 0, 0, 0, 0, 0, 0],[0, 0, 0, 0, 0, 0, 0, 0, 0, 0, 0, 0],[0, 0, 0, 0, 0, 0, 0, 0, 0, 0, 0, 0],[0, 0, 0, 0, 0, 0, 0, 0, 0, 0, 0, 0],[0, 0, 0, 0, 0, 0, 0, 0, 0, 0, 0, 0],[0, 0, 0, 0, 0, 0, 0, 0, 0, 0, 0, 0],[0, 0, 0, 0, 0, 0, 0, 0, 0, 0, 0, 0],[0, 0, 0, 0, 0, 0, 0, 0, 0, 0, 0, 0],[0, 0, 0, 0, 0, 0, 0, 0, 0, 0, 0, 0],[0, 0, 0, 0, 0, 0, 0, 0, 0, 0, 0, 0],[0, 0, 0, 0, 0, 0, 0, 0, 0, 0, 0, 0],[0, 0, 0, 0, 0, 0, 0, 0, 0, 0, 0, 0],[0, 0, 0, 0, 0, 0, 0, 0, 0, 0, 0, 0],[0, 0, 0, 0, 0, 0, 0, 0, 0, 0, 0, 0],[0, 0, 0, 0, 0, 0, 0, 0, 0, 0, 0, 0],[0, 0, 0, 0, 0, 0, 0, 0, 0, 0, 0, 0],[0, 0, 0, 0, 0, 0, 0, 0, 0, 0, 0, 0],[0, 0, 0, 0, 0, 0, 0, 0, 0, 0, 0, 0],[0, 0, 0, 0, 0, 0, 0, 0, 0, 0, 0, 0],[0, 0, 0, 0, 0, 0, 0, 0, 0, 0, 0, 0],[0, 0, 0, 0, 0, 0, 0, 0, 0, 0, 0, 0],[0, 0, 0, 0, 0, 0, 0, 0, 0, 0, 0, 0],[0, 0, 0, 0, 0, 0, 0, 0, 0, 0, 0, 0],[0, 0, 0, 0, 0, 0, 0, 0, 0, 0, 0, 0],[0, 0, 0, 0, 0, 0, 0, 0, 0, 0, 0, 0],[0, 0, 0, 0, 0, 0, 0, 0, 0, 0, 0, 0],[0, 0, 0, 0, 0, 0, 0, 0, 0, 0, 0, 0],[0, 0, 0, 0, 0, 0, 0, 0, 0, 0, 0, 0],[0, 0, 0, 0, 0, 0, 0, 0, 0, 0, 0, 0],[0, 0, 0, 0, 0, 0, 0, 0, 0, 0, 0, 0],[0, 0, 0, 0, 0, 0, 0, 0, 0, 0, 0, 0],[0, 0, 0, 0, 0, 0, 0, 0, 0, 0, 0, 0],[0, 0, 0, 0, 0, 0, 0, 0, 0, 0, 0, 0],[0, 0, 0, 0, 0, 0, 0, 0, 0, 0, 0, 0],[0, 0, 0, 0, 0, 0, 0, 0, 0, 0, 0, 0],[0, 0, 0, 0, 0, 0, 0, 0, 0, 0, 0, 0]
]',6, 1),
(8, 29, 1, '[[0, 0, 0, 0, 2, 1, 0, 0, 0, 1, 0, 0],[0, 1, 0, 0, 1, 0, 0, 0, 1, 0, 0, 1],[1, 1, 1, 0, 0, 1, 0, 0, 0, 1, 0, 0],[1, 3, 0, 0, 1, 0, 2, 0, 0, 0, 1, 2],[1, 0, 0, 0, 0, 0, 0, 0, 0, 0, 1, 0],[0, 1, 0, 0, 0, 0, 3, 0, 2, 2, 0, 1],[0, 1, 0, 1, 1, 0, 0, 0, 1, 0, 1, 0],[1, 0, 0, 0, 0, 1, 2, 0, 0, 1, 0, 0],[0, 0, 0, 0, 0, 0, 1, 1, 0, 0, 0, 0],[0, 0, 0, 3, 0, 0, 1, 0, 0, 0, 0, 1],[0, 0, 0, 1, 0, 0, 0, 1, 0, 0, 1, 1],[0, 1, 0, 0, 0, 0, 0, 0, 0, 0, 0, 0],[1, 0, 2, 0, 0, 0, 0, 0, 0, 0, 1, 0],[0, 1, 1, 0, 1, 1, 1, 0, 0, 1, 0, 0],[0, 1, 0, 0, 0, 0, 0, 0, 0, 0, 0, 0],[0, 0, 1, 1, 0, 0, 0, 0, 0, 1, 0, 0],[0, 0, 2, 0, 1, 0, 0, 1, 1, 0, 3, 0],[0, 0, 2, 0, 0, 0, 0, 0, 0, 1, 0, 1],[0, 0, 0, 0, 0, 0, 0, 1, 1, 1, 2, 0],[1, 0, 0, 1, 0, 0, 1, 0, 1, 0, 0, 0],[0, 0, 1, 0, 0, 0, 0, 0, 1, 0, 1, 0],[0, 0, 2, 0, 1, 0, 0, 0, 0, 0, 0, 0],[0, 1, 0, 0, 0, 1, 0, 0, 0, 1, 1, 0],[1, 0, 2, 1, 0, 0, 0, 0, 0, 1, 0, 0],[0, 1, 0, 1, 0, 0, 0, 0, 0, 1, 0, 0],[0, 0, 0, 0, 0, 0, 0, 0, 0, 0, 0, 0],[0, 0, 0, 0, 0, 1, 0, 0, 0, 0, 1, 0],[0, 0, 0, 1, 0, 0, 0, 0, 0, 0, 1, 0],[0, 0, 0, 0, 0, 0, 0, 1, 0, 0, 0, 0],[0, 0, 0, 0, 0, 2, 0, 0, 0, 0, 1, 0],[0, 0, 0, 1, 0, 0, 0, 0, 0, 0, 0, 0],[2, 0, 0, 0, 0, 1, 0, 0, 0, 0, 0, 0],[0, 0, 0, 0, 1, 0, 0, 0, 0, 0, 0, 0],[0, 1, 1, 0, 0, 0, 0, 0, 0, 0, 0, 0],[0, 0, 0, 0, 0, 0, 0, 0, 0, 0, 0, 0],[0, 0, 0, 0, 0, 0, 0, 0, 0, 0, 0, 0],[0, 0, 0, 0, 0, 0, 1, 0, 0, 1, 0, 0],[0, 0, 0, 0, 0, 0, 0, 0, 0, 0, 0, 0],[0, 0, 1, 1, 0, 0, 0, 1, 0, 0, 0, 0],[0, 0, 0, 0, 0, 0, 0, 0, 0, 0, 1, 0],[0, 1, 1, 0, 1, 0, 0, 0, 0, 0, 0, 0],[0, 0, 0, 0, 0, 0, 0, 0, 0, 0, 0, 0],[0, 0, 0, 0, 0, 0, 1, 0, 0, 0, 0, 0],[1, 0, 0, 0, 0, 0, 0, 0, 0, 0, 0, 0],[0, 0, 0, 0, 0, 0, 0, 0, 0, 0, 0, 0],[0, 0, 0, 0, 0, 0, 0, 0, 0, 0, 0, 0],[0, 0, 0, 0, 0, 0, 0, 0, 0, 0, 0, 0],[0, 1, 0, 0, 0, 0, 0, 0, 0, 0, 0, 0],[2, 0, 0, 0, 0, 0, 0, 0, 0, 0, 0, 1],[0, 0, 0, 0, 0, 0, 0, 0, 0, 0, 0, 0],[0, 0, 0, 0, 0, 0, 0, 1, 0, 0, 0, 0],[1, 0, 1, 0, 1, 0, 0, 0, 0, 0, 0, 0],[0, 0, 1, 0, 0, 0, 0, 0, 0, 0, 0, 0],[1, 0, 0, 0, 0, 0, 0, 1, 0, 0, 0, 0],[0, 0, 0, 0, 0, 0, 1, 0, 0, 1, 0, 0],[1, 0, 0, 0, 0, 1, 0, 0, 0, 0, 0, 0],[0, 0, 0, 0, 0, 0, 0, 0, 0, 0, 0, 0],[0, 0, 0, 0, 1, 2, 0, 0, 0, 0, 1, 0],[0, 0, 0, 0, 0, 0, 0, 0, 0, 0, 0, 0],[0, 0, 0, 0, 0, 1, 0, 0, 0, 0, 0, 0],[0, 1, 0, 0, 0, 1, 0, 0, 0, 0, 0, 0],[0, 0, 0, 0, 2, 0, 0, 0, 0, 0, 0, 0],[0, 0, 0, 0, 0, 0, 0, 0, 0, 0, 0, 0],[0, 0, 0, 0, 0, 1, 0, 0, 0, 0, 0, 0],[0, 1, 0, 0, 0, 0, 1, 0, 0, 0, 0, 0],[0, 0, 0, 0, 0, 0, 0, 0, 0, 0, 0, 0],[0, 1, 0, 0, 0, 0, 0, 0, 0, 0, 0, 0],[0, 0, 0, 0, 0, 0, 0, 0, 0, 0, 0, 0],[0, 0, 0, 0, 0, 0, 0, 0, 0, 0, 0, 0],[0, 0, 0, 1, 0, 0, 0, 0, 0, 0, 0, 0],[0, 0, 0, 0, 0, 0, 2, 0, 0, 0, 0, 0],[0, 0, 0, 0, 0, 0, 0, 0, 0, 0, 0, 0],[0, 0, 0, 0, 0, 0, 0, 0, 0, 0, 0, 0],[0, 0, 0, 0, 1, 0, 0, 0, 0, 0, 0, 0],[0, 0, 0, 0, 0, 0, 0, 0, 0, 0, 0, 0],[0, 0, 1, 0, 0, 0, 0, 0, 0, 1, 0, 0],[0, 0, 0, 0, 0, 0, 0, 0, 0, 0, 0, 0],[1, 0, 0, 0, 1, 0, 0, 0, 0, 2, 0, 0],[0, 0, 0, 0, 1, 0, 0, 0, 0, 0, 1, 1],[1, 0, 0, 0, 0, 0, 0, 0, 0, 0, 0, 0],[0, 0, 0, 0, 0, 0, 0, 0, 0, 0, 0, 0],[0, 0, 0, 0, 0, 0, 0, 0, 0, 0, 0, 0],[0, 0, 0, 0, 0, 0, 0, 0, 0, 0, 0, 0],[0, 0, 0, 0, 0, 0, 0, 0, 0, 0, 0, 0],[0, 0, 0, 0, 0, 0, 0, 0, 0, 0, 0, 0],[0, 0, 0, 0, 0, 0, 0, 0, 0, 0, 0, 0],[0, 0, 0, 0, 0, 0, 0, 0, 0, 0, 0, 0],[0, 0, 0, 0, 0, 0, 0, 0, 0, 0, 0, 0],[0, 0, 0, 0, 0, 0, 0, 0, 0, 0, 0, 0],[0, 0, 0, 0, 0, 0, 0, 0, 0, 0, 0, 0],[0, 0, 0, 0, 0, 0, 0, 0, 0, 0, 0, 0],[0, 0, 0, 0, 0, 0, 0, 0, 0, 0, 0, 0],[0, 0, 0, 0, 0, 0, 0, 0, 0, 0, 0, 0],[0, 0, 0, 0, 0, 0, 0, 0, 0, 0, 0, 0],[0, 0, 0, 0, 0, 0, 0, 0, 0, 0, 0, 0],[0, 0, 0, 0, 0, 0, 0, 0, 0, 0, 0, 0],[0, 0, 0, 0, 0, 0, 0, 0, 0, 0, 0, 0],[0, 0, 0, 0, 0, 0, 0, 0, 0, 0, 0, 0],[0, 0, 0, 0, 0, 0, 0, 0, 0, 0, 0, 0],[0, 0, 0, 0, 0, 0, 0, 0, 0, 0, 0, 0],[0, 0, 0, 0, 0, 0, 0, 0, 0, 0, 0, 0],[0, 0, 0, 0, 0, 0, 0, 0, 0, 0, 0, 0],[0, 0, 0, 0, 0, 0, 0, 0, 0, 0, 0, 0],[0, 0, 0, 0, 0, 0, 0, 0, 0, 0, 0, 0],[0, 0, 0, 0, 0, 0, 0, 0, 0, 0, 0, 0],[0, 0, 0, 0, 0, 0, 0, 0, 0, 0, 0, 0],[0, 0, 0, 0, 0, 0, 0, 0, 0, 0, 0, 0],[0, 0, 0, 0, 0, 0, 0, 0, 0, 0, 0, 0],[0, 0, 0, 0, 0, 0, 0, 0, 0, 0, 0, 0],[0, 0, 0, 0, 0, 0, 0, 0, 0, 0, 0, 0],[0, 0, 0, 0, 0, 0, 0, 0, 0, 0, 0, 0],[0, 0, 0, 0, 0, 0, 0, 0, 0, 0, 0, 0],[0, 0, 0, 0, 0, 0, 0, 0, 0, 0, 0, 0],[0, 0, 0, 0, 0, 0, 0, 0, 0, 0, 0, 0],[0, 0, 0, 0, 0, 0, 0, 0, 0, 0, 0, 0],[0, 0, 0, 0, 0, 0, 0, 0, 0, 0, 0, 0],[0, 0, 0, 0, 0, 0, 0, 0, 0, 0, 0, 0],[0, 0, 0, 0, 0, 0, 0, 0, 0, 0, 0, 0],[0, 0, 0, 0, 0, 0, 0, 0, 0, 0, 0, 0],[0, 0, 0, 0, 0, 0, 0, 0, 0, 0, 0, 0],[0, 0, 0, 0, 0, 0, 0, 0, 0, 0, 0, 0],[0, 0, 0, 0, 0, 0, 0, 0, 0, 0, 0, 0],[0, 0, 0, 0, 0, 0, 0, 0, 0, 0, 0, 0],[0, 0, 0, 0, 0, 0, 0, 0, 0, 0, 0, 0],[0, 0, 0, 0, 0, 0, 0, 0, 0, 0, 0, 0],[0, 0, 0, 0, 0, 0, 0, 0, 0, 0, 0, 0],[0, 0, 0, 0, 0, 0, 0, 0, 0, 0, 0, 0],[0, 0, 0, 0, 0, 0, 0, 0, 0, 0, 0, 0],[0, 0, 0, 0, 0, 0, 0, 0, 0, 0, 0, 0],[0, 0, 0, 0, 0, 0, 0, 0, 0, 0, 0, 0]
]',7, 1),
(9, 29, 1, '[[0, 0, 0, 0, 2, 1, 0, 0, 0, 1, 0, 0],[0, 1, 0, 0, 1, 0, 0, 0, 1, 0, 0, 1],[1, 0, 1, 0, 0, 0, 0, 0, 0, 1, 0, 0],[1, 3, 0, 0, 1, 0, 2, 0, 0, 0, 1, 1],[0, 0, 0, 0, 0, 0, 0, 0, 0, 0, 1, 0],[0, 0, 0, 0, 0, 0, 3, 0, 1, 2, 0, 1],[0, 1, 0, 1, 1, 0, 0, 0, 1, 0, 0, 0],[1, 0, 0, 0, 0, 0, 1, 0, 0, 1, 0, 0],[0, 0, 0, 0, 0, 0, 1, 1, 0, 0, 0, 0],[0, 0, 0, 3, 0, 0, 1, 0, 0, 0, 0, 1],[0, 0, 0, 1, 0, 0, 0, 1, 0, 0, 1, 1],[0, 1, 0, 0, 0, 0, 0, 0, 0, 0, 0, 0],[1, 0, 2, 0, 0, 0, 0, 0, 0, 0, 1, 0],[0, 1, 0, 0, 1, 0, 1, 0, 0, 1, 0, 0],[0, 1, 0, 0, 0, 0, 0, 0, 0, 0, 0, 0],[0, 0, 1, 1, 0, 0, 0, 0, 0, 1, 0, 0],[0, 0, 2, 0, 1, 0, 0, 1, 1, 0, 2, 0],[0, 0, 1, 0, 0, 0, 0, 0, 0, 1, 0, 1],[0, 0, 0, 0, 0, 0, 0, 1, 1, 1, 1, 0],[1, 0, 0, 1, 0, 0, 0, 0, 1, 0, 0, 0],[0, 0, 1, 0, 0, 0, 0, 0, 1, 0, 1, 0],[0, 0, 1, 0, 1, 0, 0, 0, 0, 0, 0, 0],[0, 1, 0, 0, 0, 1, 0, 0, 0, 1, 1, 0],[1, 0, 2, 1, 0, 0, 0, 0, 0, 0, 0, 0],[0, 0, 0, 1, 0, 0, 0, 0, 0, 1, 0, 0],[0, 0, 0, 0, 0, 0, 0, 0, 0, 0, 0, 0],[0, 0, 0, 0, 0, 1, 0, 0, 0, 0, 1, 0],[0, 0, 0, 1, 0, 0, 0, 0, 0, 0, 1, 0],[0, 0, 0, 0, 0, 0, 0, 1, 0, 0, 0, 0],[0, 0, 0, 0, 0, 2, 0, 0, 0, 0, 1, 0],[0, 0, 0, 1, 0, 0, 0, 0, 0, 0, 0, 0],[2, 0, 0, 0, 0, 1, 0, 0, 0, 0, 0, 0],[0, 0, 0, 0, 0, 0, 0, 0, 0, 0, 0, 0],[0, 1, 1, 0, 0, 0, 0, 0, 0, 0, 0, 0],[0, 0, 0, 0, 0, 0, 0, 0, 0, 0, 0, 0],[0, 0, 0, 0, 0, 0, 0, 0, 0, 0, 0, 0],[0, 0, 0, 0, 0, 0, 1, 0, 0, 1, 0, 0],[0, 0, 0, 0, 0, 0, 0, 0, 0, 0, 0, 0],[0, 0, 0, 0, 0, 0, 0, 1, 0, 0, 0, 0],[0, 0, 0, 0, 0, 0, 0, 0, 0, 0, 1, 0],[0, 1, 1, 0, 1, 0, 0, 0, 0, 0, 0, 0],[0, 0, 0, 0, 0, 0, 0, 0, 0, 0, 0, 0],[0, 0, 0, 0, 0, 0, 1, 0, 0, 0, 0, 0],[1, 0, 0, 0, 0, 0, 0, 0, 0, 0, 0, 0],[0, 0, 0, 0, 0, 0, 0, 0, 0, 0, 0, 0],[0, 0, 0, 0, 0, 0, 0, 0, 0, 0, 0, 0],[0, 0, 0, 0, 0, 0, 0, 0, 0, 0, 0, 0],[0, 0, 0, 0, 0, 0, 0, 0, 0, 0, 0, 0],[2, 0, 0, 0, 0, 0, 0, 0, 0, 0, 0, 1],[0, 0, 0, 0, 0, 0, 0, 0, 0, 0, 0, 0],[0, 0, 0, 0, 0, 0, 0, 0, 0, 0, 0, 0],[1, 0, 1, 0, 1, 0, 0, 0, 0, 0, 0, 0],[0, 0, 0, 0, 0, 0, 0, 0, 0, 0, 0, 0],[1, 0, 0, 0, 0, 0, 0, 1, 0, 0, 0, 0],[0, 0, 0, 0, 0, 0, 0, 0, 0, 1, 0, 0],[1, 0, 0, 0, 0, 0, 0, 0, 0, 0, 0, 0],[0, 0, 0, 0, 0, 0, 0, 0, 0, 0, 0, 0],[0, 0, 0, 0, 1, 2, 0, 0, 0, 0, 1, 0],[0, 0, 0, 0, 0, 0, 0, 0, 0, 0, 0, 0],[0, 0, 0, 0, 0, 0, 0, 0, 0, 0, 0, 0],[0, 1, 0, 0, 0, 1, 0, 0, 0, 0, 0, 0],[0, 0, 0, 0, 2, 0, 0, 0, 0, 0, 0, 0],[0, 0, 0, 0, 0, 0, 0, 0, 0, 0, 0, 0],[0, 0, 0, 0, 0, 1, 0, 0, 0, 0, 0, 0],[0, 1, 0, 0, 0, 0, 1, 0, 0, 0, 0, 0],[0, 0, 0, 0, 0, 0, 0, 0, 0, 0, 0, 0],[0, 1, 0, 0, 0, 0, 0, 0, 0, 0, 0, 0],[0, 0, 0, 0, 0, 0, 0, 0, 0, 0, 0, 0],[0, 0, 0, 0, 0, 0, 0, 0, 0, 0, 0, 0],[0, 0, 0, 1, 0, 0, 0, 0, 0, 0, 0, 0],[0, 0, 0, 0, 0, 0, 2, 0, 0, 0, 0, 0],[0, 0, 0, 0, 0, 0, 0, 0, 0, 0, 0, 0],[0, 0, 0, 0, 0, 0, 0, 0, 0, 0, 0, 0],[0, 0, 0, 0, 1, 0, 0, 0, 0, 0, 0, 0],[0, 0, 0, 0, 0, 0, 0, 0, 0, 0, 0, 0],[0, 0, 1, 0, 0, 0, 0, 0, 0, 1, 0, 0],[0, 0, 0, 0, 0, 0, 0, 0, 0, 0, 0, 0],[1, 0, 0, 0, 0, 0, 0, 0, 0, 2, 0, 0],[0, 0, 0, 0, 1, 0, 0, 0, 0, 0, 1, 1],[1, 0, 0, 0, 0, 0, 0, 0, 0, 0, 0, 0],[0, 0, 0, 0, 0, 0, 0, 0, 0, 0, 0, 0],[0, 0, 0, 0, 0, 0, 0, 0, 0, 0, 0, 0],[0, 0, 0, 0, 0, 0, 0, 0, 0, 0, 0, 0],[0, 0, 0, 0, 0, 0, 0, 0, 0, 0, 0, 0],[0, 0, 0, 0, 0, 0, 0, 0, 0, 0, 0, 0],[0, 0, 0, 0, 0, 0, 0, 0, 0, 0, 0, 0],[0, 0, 0, 0, 0, 0, 0, 0, 0, 0, 0, 0],[0, 0, 0, 0, 0, 0, 0, 0, 0, 0, 0, 0],[0, 0, 0, 0, 0, 0, 0, 0, 0, 0, 0, 0],[0, 0, 0, 0, 0, 0, 0, 0, 0, 0, 0, 0],[0, 0, 0, 0, 0, 0, 0, 0, 0, 0, 0, 0],[0, 0, 0, 0, 0, 0, 0, 0, 0, 0, 0, 0],[0, 0, 0, 0, 0, 0, 0, 0, 0, 0, 0, 0],[0, 0, 0, 0, 0, 0, 0, 0, 0, 0, 0, 0],[0, 0, 0, 0, 0, 0, 0, 0, 0, 0, 0, 0],[0, 0, 0, 0, 0, 0, 0, 0, 0, 0, 0, 0],[0, 0, 0, 0, 0, 0, 0, 0, 0, 0, 0, 0],[0, 0, 0, 0, 0, 0, 0, 0, 0, 0, 0, 0],[0, 0, 0, 0, 0, 0, 0, 0, 0, 0, 0, 0],[0, 0, 0, 0, 0, 0, 0, 0, 0, 0, 0, 0],[0, 0, 0, 0, 0, 0, 0, 0, 0, 0, 0, 0],[0, 0, 0, 0, 0, 0, 0, 0, 0, 0, 0, 0],[0, 0, 0, 0, 0, 0, 0, 0, 0, 0, 0, 0],[0, 0, 0, 0, 0, 0, 0, 0, 0, 0, 0, 0],[0, 0, 0, 0, 0, 0, 0, 0, 0, 0, 0, 0],[0, 0, 0, 0, 0, 0, 0, 0, 0, 0, 0, 0],[0, 0, 0, 0, 0, 0, 0, 0, 0, 0, 0, 0],[0, 0, 0, 0, 0, 0, 0, 0, 0, 0, 0, 0],[0, 0, 0, 0, 0, 0, 0, 0, 0, 0, 0, 0],[0, 0, 0, 0, 0, 0, 0, 0, 0, 0, 0, 0],[0, 0, 0, 0, 0, 0, 0, 0, 0, 0, 0, 0],[0, 0, 0, 0, 0, 0, 0, 0, 0, 0, 0, 0],[0, 0, 0, 0, 0, 0, 0, 0, 0, 0, 0, 0],[0, 0, 0, 0, 0, 0, 0, 0, 0, 0, 0, 0],[0, 0, 0, 0, 0, 0, 0, 0, 0, 0, 0, 0],[0, 0, 0, 0, 0, 0, 0, 0, 0, 0, 0, 0],[0, 0, 0, 0, 0, 0, 0, 0, 0, 0, 0, 0],[0, 0, 0, 0, 0, 0, 0, 0, 0, 0, 0, 0],[0, 0, 0, 0, 0, 0, 0, 0, 0, 0, 0, 0],[0, 0, 0, 0, 0, 0, 0, 0, 0, 0, 0, 0],[0, 0, 0, 0, 0, 0, 0, 0, 0, 0, 0, 0],[0, 0, 0, 0, 0, 0, 0, 0, 0, 0, 0, 0],[0, 0, 0, 0, 0, 0, 0, 0, 0, 0, 0, 0],[0, 0, 0, 0, 0, 0, 0, 0, 0, 0, 0, 0],[0, 0, 0, 0, 0, 0, 0, 0, 0, 0, 0, 0],[0, 0, 0, 0, 0, 0, 0, 0, 0, 0, 0, 0],[0, 0, 0, 0, 0, 0, 0, 0, 0, 0, 0, 0],[0, 0, 0, 0, 0, 0, 0, 0, 0, 0, 0, 0],[0, 0, 0, 0, 0, 0, 0, 0, 0, 0, 0, 0],[0, 0, 0, 0, 0, 0, 0, 0, 0, 0, 0, 0]
]',7, 1),
(10, 29, 1, '[[0, 0, 0, 0, 2, 1, 0, 0, 0, 1, 0, 0],[0, 1, 0, 0, 1, 0, 0, 0, 1, 0, 0, 1],[1, 0, 1, 0, 0, 0, 0, 0, 0, 1, 0, 0],[1, 3, 0, 0, 1, 0, 2, 0, 0, 0, 1, 1],[0, 0, 0, 0, 0, 0, 0, 0, 0, 0, 1, 0],[0, 0, 0, 0, 0, 0, 3, 0, 1, 2, 0, 1],[0, 1, 0, 1, 1, 0, 0, 0, 1, 0, 0, 0],[1, 0, 0, 0, 0, 0, 1, 0, 0, 1, 0, 0],[0, 0, 0, 0, 0, 0, 1, 1, 0, 0, 0, 0],[0, 0, 0, 3, 0, 0, 1, 0, 0, 0, 0, 1],[0, 0, 0, 1, 0, 0, 0, 1, 0, 0, 1, 1],[0, 1, 0, 0, 0, 0, 0, 0, 0, 0, 0, 0],[1, 0, 1, 0, 0, 0, 0, 0, 0, 0, 1, 0],[0, 1, 0, 0, 0, 0, 1, 0, 0, 1, 0, 0],[0, 1, 0, 0, 0, 0, 0, 0, 0, 0, 0, 0],[0, 0, 1, 1, 0, 0, 0, 0, 0, 1, 0, 0],[0, 0, 2, 0, 1, 0, 0, 1, 1, 0, 1, 0],[0, 0, 1, 0, 0, 0, 0, 0, 0, 1, 0, 1],[0, 0, 0, 0, 0, 0, 0, 1, 1, 1, 1, 0],[1, 0, 0, 1, 0, 0, 0, 0, 1, 0, 0, 0],[0, 0, 1, 0, 0, 0, 0, 0, 1, 0, 1, 0],[0, 0, 1, 0, 1, 0, 0, 0, 0, 0, 0, 0],[0, 1, 0, 0, 0, 0, 0, 0, 0, 1, 1, 0],[1, 0, 2, 0, 0, 0, 0, 0, 0, 0, 0, 0],[0, 0, 0, 1, 0, 0, 0, 0, 0, 1, 0, 0],[0, 0, 0, 0, 0, 0, 0, 0, 0, 0, 0, 0],[0, 0, 0, 0, 0, 1, 0, 0, 0, 0, 1, 0],[0, 0, 0, 1, 0, 0, 0, 0, 0, 0, 1, 0],[0, 0, 0, 0, 0, 0, 0, 1, 0, 0, 0, 0],[0, 0, 0, 0, 0, 2, 0, 0, 0, 0, 1, 0],[0, 0, 0, 1, 0, 0, 0, 0, 0, 0, 0, 0],[2, 0, 0, 0, 0, 1, 0, 0, 0, 0, 0, 0],[0, 0, 0, 0, 0, 0, 0, 0, 0, 0, 0, 0],[0, 1, 1, 0, 0, 0, 0, 0, 0, 0, 0, 0],[0, 0, 0, 0, 0, 0, 0, 0, 0, 0, 0, 0],[0, 0, 0, 0, 0, 0, 0, 0, 0, 0, 0, 0],[0, 0, 0, 0, 0, 0, 1, 0, 0, 1, 0, 0],[0, 0, 0, 0, 0, 0, 0, 0, 0, 0, 0, 0],[0, 0, 0, 0, 0, 0, 0, 0, 0, 0, 0, 0],[0, 0, 0, 0, 0, 0, 0, 0, 0, 0, 1, 0],[0, 1, 1, 0, 1, 0, 0, 0, 0, 0, 0, 0],[0, 0, 0, 0, 0, 0, 0, 0, 0, 0, 0, 0],[0, 0, 0, 0, 0, 0, 0, 0, 0, 0, 0, 0],[1, 0, 0, 0, 0, 0, 0, 0, 0, 0, 0, 0],[0, 0, 0, 0, 0, 0, 0, 0, 0, 0, 0, 0],[0, 0, 0, 0, 0, 0, 0, 0, 0, 0, 0, 0],[0, 0, 0, 0, 0, 0, 0, 0, 0, 0, 0, 0],[0, 0, 0, 0, 0, 0, 0, 0, 0, 0, 0, 0],[2, 0, 0, 0, 0, 0, 0, 0, 0, 0, 0, 1],[0, 0, 0, 0, 0, 0, 0, 0, 0, 0, 0, 0],[0, 0, 0, 0, 0, 0, 0, 0, 0, 0, 0, 0],[1, 0, 1, 0, 1, 0, 0, 0, 0, 0, 0, 0],[0, 0, 0, 0, 0, 0, 0, 0, 0, 0, 0, 0],[1, 0, 0, 0, 0, 0, 0, 1, 0, 0, 0, 0],[0, 0, 0, 0, 0, 0, 0, 0, 0, 1, 0, 0],[1, 0, 0, 0, 0, 0, 0, 0, 0, 0, 0, 0],[0, 0, 0, 0, 0, 0, 0, 0, 0, 0, 0, 0],[0, 0, 0, 0, 1, 2, 0, 0, 0, 0, 1, 0],[0, 0, 0, 0, 0, 0, 0, 0, 0, 0, 0, 0],[0, 0, 0, 0, 0, 0, 0, 0, 0, 0, 0, 0],[0, 1, 0, 0, 0, 1, 0, 0, 0, 0, 0, 0],[0, 0, 0, 0, 2, 0, 0, 0, 0, 0, 0, 0],[0, 0, 0, 0, 0, 0, 0, 0, 0, 0, 0, 0],[0, 0, 0, 0, 0, 1, 0, 0, 0, 0, 0, 0],[0, 1, 0, 0, 0, 0, 1, 0, 0, 0, 0, 0],[0, 0, 0, 0, 0, 0, 0, 0, 0, 0, 0, 0],[0, 1, 0, 0, 0, 0, 0, 0, 0, 0, 0, 0],[0, 0, 0, 0, 0, 0, 0, 0, 0, 0, 0, 0],[0, 0, 0, 0, 0, 0, 0, 0, 0, 0, 0, 0],[0, 0, 0, 1, 0, 0, 0, 0, 0, 0, 0, 0],[0, 0, 0, 0, 0, 0, 2, 0, 0, 0, 0, 0],[0, 0, 0, 0, 0, 0, 0, 0, 0, 0, 0, 0],[0, 0, 0, 0, 0, 0, 0, 0, 0, 0, 0, 0],[0, 0, 0, 0, 1, 0, 0, 0, 0, 0, 0, 0],[0, 0, 0, 0, 0, 0, 0, 0, 0, 0, 0, 0],[0, 0, 1, 0, 0, 0, 0, 0, 0, 1, 0, 0],[0, 0, 0, 0, 0, 0, 0, 0, 0, 0, 0, 0],[1, 0, 0, 0, 0, 0, 0, 0, 0, 1, 0, 0],[0, 0, 0, 0, 0, 0, 0, 0, 0, 0, 1, 1],[1, 0, 0, 0, 0, 0, 0, 0, 0, 0, 0, 0],[0, 0, 0, 0, 0, 0, 0, 0, 0, 0, 0, 0],[0, 0, 0, 0, 0, 0, 0, 0, 0, 0, 0, 0],[0, 0, 0, 0, 0, 0, 0, 0, 0, 0, 0, 0],[0, 0, 0, 0, 0, 0, 0, 0, 0, 0, 0, 0],[0, 0, 0, 0, 0, 0, 0, 0, 0, 0, 0, 0],[0, 0, 0, 0, 0, 0, 0, 0, 0, 0, 0, 0],[0, 0, 0, 0, 0, 0, 0, 0, 0, 0, 0, 0],[0, 0, 0, 0, 0, 0, 0, 0, 0, 0, 0, 0],[0, 0, 0, 0, 0, 0, 0, 0, 0, 0, 0, 0],[0, 0, 0, 0, 0, 0, 0, 0, 0, 0, 0, 0],[0, 0, 0, 0, 0, 0, 0, 0, 0, 0, 0, 0],[0, 0, 0, 0, 0, 0, 0, 0, 0, 0, 0, 0],[0, 0, 0, 0, 0, 0, 0, 0, 0, 0, 0, 0],[0, 0, 0, 0, 0, 0, 0, 0, 0, 0, 0, 0],[0, 0, 0, 0, 0, 0, 0, 0, 0, 0, 0, 0],[0, 0, 0, 0, 0, 0, 0, 0, 0, 0, 0, 0],[0, 0, 0, 0, 0, 0, 0, 0, 0, 0, 0, 0],[0, 0, 0, 0, 0, 0, 0, 0, 0, 0, 0, 0],[0, 0, 0, 0, 0, 0, 0, 0, 0, 0, 0, 0],[0, 0, 0, 0, 0, 0, 0, 0, 0, 0, 0, 0],[0, 0, 0, 0, 0, 0, 0, 0, 0, 0, 0, 0],[0, 0, 0, 0, 0, 0, 0, 0, 0, 0, 0, 0],[0, 0, 0, 0, 0, 0, 0, 0, 0, 0, 0, 0],[0, 0, 0, 0, 0, 0, 0, 0, 0, 0, 0, 0],[0, 0, 0, 0, 0, 0, 0, 0, 0, 0, 0, 0],[0, 0, 0, 0, 0, 0, 0, 0, 0, 0, 0, 0],[0, 0, 0, 0, 0, 0, 0, 0, 0, 0, 0, 0],[0, 0, 0, 0, 0, 0, 0, 0, 0, 0, 0, 0],[0, 0, 0, 0, 0, 0, 0, 0, 0, 0, 0, 0],[0, 0, 0, 0, 0, 0, 0, 0, 0, 0, 0, 0],[0, 0, 0, 0, 0, 0, 0, 0, 0, 0, 0, 0],[0, 0, 0, 0, 0, 0, 0, 0, 0, 0, 0, 0],[0, 0, 0, 0, 0, 0, 0, 0, 0, 0, 0, 0],[0, 0, 0, 0, 0, 0, 0, 0, 0, 0, 0, 0],[0, 0, 0, 0, 0, 0, 0, 0, 0, 0, 0, 0],[0, 0, 0, 0, 0, 0, 0, 0, 0, 0, 0, 0],[0, 0, 0, 0, 0, 0, 0, 0, 0, 0, 0, 0],[0, 0, 0, 0, 0, 0, 0, 0, 0, 0, 0, 0],[0, 0, 0, 0, 0, 0, 0, 0, 0, 0, 0, 0],[0, 0, 0, 0, 0, 0, 0, 0, 0, 0, 0, 0],[0, 0, 0, 0, 0, 0, 0, 0, 0, 0, 0, 0],[0, 0, 0, 0, 0, 0, 0, 0, 0, 0, 0, 0],[0, 0, 0, 0, 0, 0, 0, 0, 0, 0, 0, 0],[0, 0, 0, 0, 0, 0, 0, 0, 0, 0, 0, 0],[0, 0, 0, 0, 0, 0, 0, 0, 0, 0, 0, 0],[0, 0, 0, 0, 0, 0, 0, 0, 0, 0, 0, 0],[0, 0, 0, 0, 0, 0, 0, 0, 0, 0, 0, 0],[0, 0, 0, 0, 0, 0, 0, 0, 0, 0, 0, 0],[0, 0, 0, 0, 0, 0, 0, 0, 0, 0, 0, 0],[0, 0, 0, 0, 0, 0, 0, 0, 0, 0, 0, 0]
]',8, 1),
(11, 29, 1, '[[0, 0, 0, 0, 2, 1, 0, 0, 0, 1, 0, 0],[0, 1, 0, 0, 1, 0, 0, 0, 1, 0, 0, 1],[1, 0, 1, 0, 0, 0, 0, 0, 0, 1, 0, 0],[1, 3, 0, 0, 1, 0, 2, 0, 0, 0, 1, 1],[0, 0, 0, 0, 0, 0, 0, 0, 0, 0, 1, 0],[0, 0, 0, 0, 0, 0, 3, 0, 1, 2, 0, 1],[0, 1, 0, 1, 1, 0, 0, 0, 1, 0, 0, 0],[1, 0, 0, 0, 0, 0, 1, 0, 0, 1, 0, 0],[0, 0, 0, 0, 0, 0, 1, 1, 0, 0, 0, 0],[0, 0, 0, 3, 0, 0, 1, 0, 0, 0, 0, 1],[0, 0, 0, 1, 0, 0, 0, 1, 0, 0, 1, 1],[0, 1, 0, 0, 0, 0, 0, 0, 0, 0, 0, 0],[1, 0, 1, 0, 0, 0, 0, 0, 0, 0, 1, 0],[0, 1, 0, 0, 0, 0, 1, 0, 0, 1, 0, 0],[0, 1, 0, 0, 0, 0, 0, 0, 0, 0, 0, 0],[0, 0, 1, 1, 0, 0, 0, 0, 0, 1, 0, 0],[0, 0, 2, 0, 1, 0, 0, 1, 1, 0, 1, 0],[0, 0, 1, 0, 0, 0, 0, 0, 1, 1, 0, 1],[0, 0, 0, 0, 0, 0, 0, 1, 1, 1, 1, 0],[1, 0, 0, 1, 0, 0, 0, 0, 1, 0, 0, 0],[0, 0, 1, 0, 0, 0, 0, 0, 1, 0, 1, 0],[0, 0, 1, 0, 1, 0, 0, 0, 0, 0, 0, 0],[0, 1, 0, 0, 0, 0, 0, 0, 0, 1, 1, 0],[1, 0, 2, 0, 0, 0, 0, 0, 0, 0, 0, 0],[0, 0, 0, 1, 0, 0, 0, 0, 0, 1, 0, 0],[0, 0, 0, 0, 0, 0, 0, 0, 0, 0, 0, 0],[0, 0, 0, 0, 0, 1, 0, 0, 0, 0, 1, 0],[0, 0, 0, 1, 0, 0, 0, 0, 0, 0, 1, 0],[0, 0, 0, 0, 0, 0, 0, 1, 0, 0, 0, 0],[0, 0, 0, 0, 0, 2, 0, 0, 0, 0, 1, 0],[0, 0, 0, 1, 0, 0, 0, 0, 0, 0, 0, 0],[2, 0, 0, 0, 0, 1, 0, 0, 0, 0, 0, 0],[0, 0, 0, 0, 0, 0, 0, 0, 0, 0, 0, 0],[0, 1, 1, 0, 0, 0, 0, 0, 0, 0, 0, 0],[0, 0, 0, 0, 0, 0, 0, 0, 0, 0, 0, 0],[0, 0, 0, 0, 0, 0, 0, 0, 0, 0, 0, 0],[0, 0, 0, 0, 0, 0, 1, 0, 0, 1, 0, 0],[0, 0, 0, 0, 0, 0, 0, 0, 0, 0, 0, 0],[0, 0, 0, 0, 0, 0, 0, 0, 0, 0, 0, 0],[0, 0, 0, 0, 0, 0, 0, 0, 0, 0, 1, 0],[0, 1, 1, 0, 1, 0, 0, 0, 0, 0, 0, 0],[0, 0, 0, 0, 0, 0, 0, 0, 0, 0, 0, 0],[0, 0, 0, 0, 0, 0, 0, 0, 0, 0, 0, 0],[1, 0, 0, 0, 0, 0, 0, 0, 0, 0, 0, 0],[0, 0, 0, 0, 0, 0, 0, 0, 0, 0, 0, 0],[0, 0, 0, 0, 0, 0, 0, 0, 0, 0, 0, 0],[0, 0, 0, 0, 0, 0, 0, 0, 0, 0, 0, 0],[0, 0, 0, 0, 0, 0, 0, 0, 0, 0, 0, 0],[2, 0, 0, 0, 0, 0, 0, 0, 0, 0, 0, 1],[0, 0, 0, 0, 0, 0, 0, 0, 0, 0, 0, 0],[0, 0, 0, 0, 0, 0, 0, 0, 0, 0, 0, 0],[1, 0, 1, 0, 1, 0, 0, 0, 0, 0, 0, 0],[0, 0, 0, 0, 0, 0, 0, 0, 0, 0, 0, 0],[1, 0, 0, 0, 0, 0, 0, 1, 0, 0, 0, 0],[0, 0, 0, 0, 0, 0, 0, 0, 0, 1, 0, 0],[1, 0, 0, 0, 0, 0, 0, 0, 0, 0, 0, 0],[0, 0, 0, 0, 0, 0, 0, 0, 0, 0, 0, 0],[0, 0, 0, 0, 1, 2, 0, 0, 0, 0, 1, 0],[0, 0, 0, 0, 0, 0, 0, 0, 0, 0, 0, 0],[0, 0, 0, 0, 0, 0, 0, 1, 0, 0, 0, 0],[0, 1, 0, 0, 0, 1, 0, 0, 0, 0, 0, 0],[0, 0, 0, 0, 2, 0, 0, 0, 0, 0, 0, 0],[0, 0, 0, 0, 0, 0, 0, 0, 0, 0, 0, 0],[0, 0, 0, 0, 0, 1, 0, 0, 0, 0, 0, 0],[0, 1, 0, 0, 0, 0, 1, 0, 0, 0, 0, 0],[0, 0, 0, 0, 0, 0, 0, 0, 0, 0, 0, 0],[0, 1, 0, 0, 0, 0, 0, 0, 0, 0, 0, 0],[0, 0, 0, 0, 0, 0, 0, 0, 0, 0, 0, 0],[0, 0, 0, 0, 0, 0, 0, 0, 0, 0, 0, 0],[0, 0, 0, 1, 0, 0, 0, 0, 0, 0, 0, 0],[0, 0, 1, 0, 0, 0, 2, 0, 0, 0, 0, 0],[0, 0, 0, 0, 0, 0, 0, 0, 0, 0, 0, 0],[0, 0, 0, 0, 0, 0, 0, 0, 0, 0, 0, 0],[0, 0, 0, 0, 1, 0, 0, 0, 0, 0, 0, 0],[0, 0, 0, 0, 0, 0, 0, 0, 0, 0, 0, 0],[0, 0, 1, 0, 0, 0, 0, 0, 0, 1, 0, 0],[0, 0, 0, 0, 0, 0, 0, 0, 0, 0, 0, 0],[1, 0, 0, 0, 0, 0, 0, 0, 0, 1, 0, 0],[0, 0, 0, 0, 0, 0, 0, 0, 0, 0, 1, 1],[1, 0, 0, 0, 0, 0, 0, 0, 0, 0, 0, 0],[0, 0, 0, 0, 0, 0, 0, 0, 0, 0, 0, 0],[0, 0, 0, 0, 0, 0, 0, 0, 0, 0, 0, 0],[0, 0, 0, 0, 0, 0, 0, 0, 0, 0, 0, 0],[0, 0, 0, 0, 0, 0, 0, 0, 0, 0, 0, 0],[0, 0, 0, 0, 0, 0, 0, 0, 0, 0, 0, 0],[0, 0, 0, 0, 0, 0, 0, 0, 0, 0, 0, 0],[0, 0, 0, 0, 0, 0, 0, 0, 0, 0, 0, 0],[0, 0, 0, 0, 0, 0, 0, 0, 0, 0, 0, 0],[0, 0, 0, 0, 0, 0, 0, 0, 0, 0, 0, 0],[0, 0, 0, 0, 0, 0, 0, 0, 0, 0, 0, 0],[0, 0, 0, 0, 0, 0, 0, 0, 0, 0, 0, 0],[0, 0, 0, 0, 0, 0, 0, 0, 0, 0, 0, 0],[0, 0, 0, 0, 0, 0, 0, 0, 0, 0, 0, 0],[0, 0, 0, 0, 0, 0, 0, 0, 0, 0, 0, 0],[0, 0, 0, 0, 0, 0, 0, 0, 0, 0, 0, 0],[0, 0, 0, 0, 0, 0, 0, 0, 0, 0, 0, 0],[0, 0, 0, 0, 0, 0, 0, 0, 0, 0, 0, 0],[0, 0, 0, 0, 0, 0, 0, 0, 0, 0, 0, 0],[0, 0, 0, 0, 0, 0, 0, 0, 0, 0, 0, 0],[0, 0, 0, 0, 0, 0, 0, 0, 0, 0, 0, 0],[0, 0, 0, 0, 0, 0, 0, 0, 0, 0, 0, 0],[0, 0, 0, 0, 0, 0, 0, 0, 0, 0, 0, 0],[0, 0, 0, 0, 0, 0, 0, 0, 0, 0, 0, 0],[0, 0, 0, 0, 0, 0, 0, 0, 0, 0, 0, 0],[0, 0, 0, 0, 0, 0, 0, 0, 0, 0, 0, 0],[0, 0, 0, 0, 0, 0, 0, 0, 0, 0, 0, 0],[0, 0, 0, 0, 0, 0, 0, 0, 0, 0, 0, 0],[0, 0, 0, 0, 0, 0, 0, 0, 0, 0, 0, 0],[0, 0, 0, 0, 0, 0, 0, 0, 0, 0, 0, 0],[0, 0, 0, 0, 0, 0, 0, 0, 0, 0, 0, 0],[0, 0, 0, 0, 0, 0, 0, 0, 0, 0, 0, 0],[0, 0, 0, 0, 0, 0, 0, 0, 0, 0, 0, 0],[0, 0, 0, 0, 0, 0, 0, 0, 0, 0, 0, 0],[0, 0, 0, 0, 0, 0, 0, 0, 0, 0, 0, 0],[0, 0, 0, 0, 0, 0, 0, 0, 0, 0, 0, 0],[0, 0, 0, 0, 0, 0, 0, 0, 0, 0, 0, 0],[0, 0, 0, 0, 0, 0, 0, 0, 0, 0, 0, 0],[0, 0, 0, 0, 0, 0, 0, 0, 0, 0, 0, 0],[0, 0, 0, 0, 0, 0, 0, 0, 0, 0, 0, 0],[0, 0, 0, 0, 0, 0, 0, 0, 0, 0, 0, 0],[0, 0, 0, 0, 0, 0, 0, 0, 0, 0, 0, 0],[0, 0, 0, 0, 0, 0, 0, 0, 0, 0, 0, 0],[0, 0, 0, 0, 0, 0, 0, 0, 0, 0, 0, 0],[0, 0, 0, 0, 0, 0, 0, 0, 0, 0, 0, 0],[0, 0, 0, 0, 0, 0, 0, 0, 0, 0, 0, 0],[0, 0, 0, 0, 0, 0, 0, 0, 0, 0, 0, 0],[0, 0, 0, 0, 0, 0, 0, 0, 0, 0, 0, 0],[0, 0, 0, 0, 0, 0, 0, 0, 0, 0, 0, 0],[0, 0, 0, 0, 0, 0, 0, 0, 0, 0, 0, 0],[0, 0, 0, 0, 0, 0, 0, 0, 0, 0, 0, 0]
]',9, 1),
(12, 29, 1, '[[0, 0, 0, 0, 2, 1, 0, 0, 0, 1, 0, 0],[0, 1, 0, 0, 1, 0, 0, 0, 1, 0, 0, 1],[1, 0, 1, 0, 0, 0, 0, 0, 0, 1, 0, 0],[1, 3, 0, 0, 1, 0, 2, 0, 0, 0, 1, 1],[0, 0, 0, 0, 0, 0, 0, 0, 0, 0, 1, 0],[0, 0, 0, 0, 0, 0, 3, 0, 1, 2, 0, 1],[0, 1, 0, 1, 1, 0, 0, 0, 1, 0, 0, 0],[1, 0, 0, 0, 0, 0, 1, 0, 0, 1, 0, 0],[0, 0, 0, 0, 0, 0, 1, 1, 0, 0, 0, 0],[0, 0, 0, 3, 0, 0, 1, 0, 0, 0, 0, 1],[0, 0, 0, 1, 0, 0, 0, 1, 0, 0, 1, 1],[0, 1, 0, 0, 0, 0, 0, 0, 0, 0, 0, 0],[1, 0, 1, 0, 0, 0, 0, 0, 0, 0, 1, 0],[0, 1, 0, 0, 0, 0, 1, 0, 0, 1, 0, 0],[0, 1, 0, 0, 0, 0, 0, 0, 0, 0, 0, 0],[0, 0, 1, 1, 0, 0, 0, 0, 0, 1, 0, 0],[0, 0, 2, 0, 1, 0, 0, 1, 1, 0, 1, 0],[0, 0, 1, 0, 0, 0, 0, 0, 1, 1, 0, 1],[0, 0, 0, 0, 0, 0, 0, 1, 1, 1, 1, 0],[1, 0, 0, 1, 0, 0, 0, 0, 1, 0, 0, 0],[0, 0, 1, 0, 0, 0, 0, 0, 1, 0, 1, 0],[0, 0, 1, 0, 1, 0, 0, 0, 0, 0, 0, 0],[0, 1, 0, 0, 0, 0, 0, 0, 0, 1, 1, 0],[1, 0, 2, 0, 0, 0, 0, 0, 0, 0, 0, 0],[0, 0, 0, 1, 0, 0, 0, 0, 0, 1, 0, 0],[0, 0, 0, 0, 0, 0, 0, 0, 0, 0, 0, 0],[0, 0, 0, 0, 0, 1, 0, 0, 0, 0, 1, 0],[0, 0, 0, 1, 0, 0, 0, 0, 0, 0, 1, 0],[0, 0, 0, 0, 0, 0, 0, 1, 0, 0, 0, 0],[0, 0, 0, 0, 0, 2, 0, 0, 0, 0, 1, 0],[0, 0, 0, 1, 0, 0, 0, 0, 0, 0, 0, 0],[2, 0, 0, 0, 0, 1, 0, 0, 0, 0, 0, 0],[0, 0, 0, 0, 0, 0, 0, 0, 0, 0, 0, 0],[0, 1, 1, 0, 0, 0, 0, 0, 0, 0, 0, 0],[0, 0, 0, 0, 0, 0, 0, 0, 0, 0, 0, 0],[0, 0, 0, 0, 0, 0, 0, 0, 0, 0, 0, 0],[0, 0, 0, 0, 0, 0, 1, 0, 0, 1, 0, 0],[0, 0, 0, 0, 0, 0, 0, 0, 0, 0, 0, 0],[0, 0, 0, 0, 0, 0, 0, 0, 0, 0, 0, 0],[0, 0, 0, 0, 0, 0, 0, 0, 0, 0, 1, 0],[0, 1, 1, 0, 1, 0, 0, 0, 0, 0, 0, 0],[0, 0, 0, 0, 0, 0, 0, 0, 0, 0, 0, 0],[0, 0, 0, 0, 0, 0, 0, 0, 0, 0, 0, 0],[1, 0, 0, 0, 0, 0, 0, 0, 0, 0, 0, 0],[0, 0, 0, 0, 0, 0, 0, 0, 0, 0, 0, 0],[0, 0, 0, 0, 0, 0, 0, 0, 0, 0, 0, 0],[0, 0, 0, 0, 0, 0, 0, 0, 0, 0, 0, 0],[0, 0, 0, 0, 0, 0, 0, 0, 0, 0, 0, 0],[2, 0, 0, 0, 0, 0, 0, 0, 0, 0, 0, 1],[0, 0, 0, 0, 0, 0, 0, 0, 0, 0, 0, 0],[0, 0, 0, 0, 0, 0, 0, 0, 0, 0, 0, 0],[1, 0, 1, 0, 1, 0, 0, 0, 0, 0, 0, 0],[0, 0, 0, 0, 0, 0, 0, 0, 0, 0, 0, 0],[1, 0, 0, 0, 0, 0, 0, 1, 0, 0, 0, 0],[0, 0, 0, 0, 0, 0, 0, 0, 0, 1, 0, 0],[1, 0, 0, 0, 0, 0, 0, 0, 0, 0, 0, 0],[0, 0, 0, 0, 0, 0, 0, 0, 0, 0, 0, 0],[0, 0, 0, 0, 1, 2, 0, 0, 0, 0, 1, 0],[0, 0, 0, 0, 0, 0, 0, 0, 0, 0, 0, 0],[0, 0, 0, 0, 0, 0, 0, 1, 0, 0, 0, 0],[0, 1, 0, 0, 0, 1, 0, 0, 0, 0, 0, 0],[0, 0, 0, 0, 2, 0, 0, 0, 0, 0, 0, 0],[0, 0, 0, 0, 0, 0, 0, 0, 0, 0, 0, 0],[0, 0, 0, 0, 0, 1, 0, 0, 0, 0, 0, 0],[0, 1, 0, 0, 0, 0, 1, 0, 0, 0, 0, 0],[0, 0, 0, 0, 0, 0, 0, 0, 0, 0, 0, 0],[0, 1, 0, 0, 0, 0, 0, 0, 0, 0, 0, 0],[0, 0, 0, 0, 0, 0, 0, 0, 0, 0, 0, 0],[0, 0, 0, 0, 0, 0, 0, 0, 0, 0, 0, 0],[0, 0, 0, 1, 0, 0, 0, 0, 0, 0, 0, 0],[0, 0, 1, 0, 0, 0, 2, 0, 0, 0, 0, 0],[0, 0, 0, 0, 0, 0, 0, 0, 0, 0, 0, 0],[0, 0, 0, 0, 0, 0, 0, 0, 0, 0, 0, 0],[0, 0, 0, 0, 1, 0, 0, 0, 0, 0, 0, 0],[0, 0, 0, 0, 0, 0, 0, 0, 0, 0, 0, 0],[0, 0, 1, 0, 0, 0, 0, 0, 0, 1, 0, 0],[0, 0, 0, 0, 0, 0, 0, 0, 0, 0, 0, 0],[1, 0, 0, 0, 0, 0, 0, 0, 0, 1, 0, 0],[0, 0, 0, 0, 0, 0, 0, 0, 0, 0, 1, 1],[1, 0, 0, 0, 0, 0, 0, 0, 0, 0, 0, 0],[0, 0, 0, 0, 0, 0, 0, 0, 0, 0, 0, 0],[0, 0, 0, 0, 0, 0, 0, 0, 0, 0, 0, 0],[0, 0, 0, 0, 0, 0, 0, 0, 0, 0, 0, 0],[0, 0, 0, 0, 0, 0, 0, 0, 0, 0, 0, 0],[0, 0, 0, 0, 0, 0, 0, 0, 0, 0, 0, 0],[0, 0, 0, 0, 0, 0, 0, 0, 0, 0, 0, 0],[0, 0, 0, 0, 0, 0, 0, 0, 0, 0, 0, 0],[0, 0, 0, 0, 0, 0, 0, 0, 0, 0, 0, 0],[0, 0, 0, 0, 0, 0, 0, 0, 0, 0, 0, 0],[0, 0, 0, 0, 0, 0, 0, 0, 0, 0, 0, 0],[0, 0, 0, 0, 0, 0, 0, 0, 0, 0, 0, 0],[0, 0, 0, 0, 0, 0, 0, 0, 0, 0, 0, 0],[0, 0, 0, 0, 0, 0, 0, 0, 0, 0, 0, 0],[0, 0, 0, 0, 0, 0, 0, 0, 0, 0, 0, 0],[0, 0, 0, 0, 0, 0, 0, 0, 0, 0, 0, 0],[0, 0, 0, 0, 0, 0, 0, 0, 0, 0, 0, 0],[0, 0, 0, 0, 0, 0, 0, 0, 0, 0, 0, 0],[0, 0, 0, 0, 0, 0, 0, 0, 0, 0, 0, 0],[0, 0, 0, 0, 0, 0, 0, 0, 0, 0, 0, 0],[0, 0, 0, 0, 0, 0, 0, 0, 0, 0, 0, 0],[0, 0, 0, 0, 0, 0, 0, 0, 0, 0, 0, 0],[0, 0, 0, 0, 0, 0, 0, 0, 0, 0, 0, 0],[0, 0, 0, 0, 0, 0, 0, 0, 0, 0, 0, 0],[0, 0, 0, 0, 0, 0, 0, 0, 0, 0, 0, 0],[0, 0, 0, 0, 0, 0, 0, 0, 0, 0, 0, 0],[0, 0, 0, 0, 0, 0, 0, 0, 0, 0, 0, 0],[0, 0, 0, 0, 0, 0, 0, 0, 0, 0, 0, 0],[0, 0, 0, 0, 0, 0, 0, 0, 0, 0, 0, 0],[0, 0, 0, 0, 0, 0, 0, 0, 0, 0, 0, 0],[0, 0, 0, 0, 0, 0, 0, 0, 0, 0, 0, 0],[0, 0, 0, 0, 0, 0, 0, 0, 0, 0, 0, 0],[0, 0, 0, 0, 0, 0, 0, 0, 0, 0, 0, 0],[0, 0, 0, 0, 0, 0, 0, 0, 0, 0, 0, 0],[0, 0, 0, 0, 0, 0, 0, 0, 0, 0, 0, 0],[0, 0, 0, 0, 0, 0, 0, 0, 0, 0, 0, 0],[0, 0, 0, 0, 0, 0, 0, 0, 0, 0, 0, 0],[0, 0, 0, 0, 0, 0, 0, 0, 0, 0, 0, 0],[0, 0, 0, 0, 0, 0, 0, 0, 0, 0, 0, 0],[0, 0, 0, 0, 0, 0, 0, 0, 0, 0, 0, 0],[0, 0, 0, 0, 0, 0, 0, 0, 0, 0, 0, 0],[0, 0, 0, 0, 0, 0, 0, 0, 0, 0, 0, 0],[0, 0, 0, 0, 0, 0, 0, 0, 0, 0, 0, 0],[0, 0, 0, 0, 0, 0, 0, 0, 0, 0, 0, 0],[0, 0, 0, 0, 0, 0, 0, 0, 0, 0, 0, 0],[0, 0, 0, 0, 0, 0, 0, 0, 0, 0, 0, 0],[0, 0, 0, 0, 0, 0, 0, 0, 0, 0, 0, 0],[0, 0, 0, 0, 0, 0, 0, 0, 0, 0, 0, 0],[0, 0, 0, 0, 0, 0, 0, 0, 0, 0, 0, 0],[0, 0, 0, 0, 0, 0, 0, 0, 0, 0, 0, 0],[0, 0, 0, 0, 0, 0, 0, 0, 0, 0, 0, 0]
]',10, 1),
(13, 29, 1, '[[0, 0, 0, 0, 2, 1, 0, 0, 0, 1, 0, 0],[0, 1, 0, 0, 1, 0, 0, 0, 1, 0, 0, 1],[1, 0, 1, 0, 0, 0, 0, 0, 0, 0, 0, 0],[1, 3, 0, 0, 1, 0, 2, 0, 0, 0, 1, 1],[0, 0, 0, 0, 0, 0, 0, 0, 0, 0, 1, 0],[0, 0, 0, 0, 0, 0, 3, 0, 1, 2, 0, 1],[0, 1, 0, 1, 1, 0, 0, 0, 1, 0, 0, 0],[1, 0, 0, 0, 0, 0, 1, 0, 0, 1, 0, 0],[0, 0, 0, 0, 0, 0, 1, 1, 0, 0, 0, 0],[0, 0, 0, 3, 0, 0, 1, 0, 0, 0, 0, 1],[0, 0, 0, 1, 0, 0, 0, 1, 0, 0, 1, 1],[0, 1, 0, 0, 0, 0, 0, 0, 0, 0, 0, 0],[1, 0, 1, 0, 0, 0, 0, 0, 0, 0, 1, 0],[0, 1, 0, 0, 0, 0, 1, 0, 0, 1, 0, 0],[0, 1, 0, 0, 0, 0, 0, 0, 0, 0, 0, 0],[0, 0, 1, 1, 0, 0, 0, 0, 0, 1, 0, 0],[0, 0, 2, 0, 1, 0, 0, 1, 1, 0, 1, 0],[0, 0, 1, 0, 0, 0, 0, 0, 1, 1, 0, 1],[0, 0, 0, 0, 0, 0, 0, 1, 1, 1, 1, 0],[1, 0, 0, 1, 0, 0, 0, 0, 0, 0, 0, 0],[0, 0, 1, 0, 0, 0, 0, 0, 1, 0, 1, 0],[0, 0, 1, 0, 1, 0, 0, 0, 0, 0, 0, 0],[0, 1, 0, 0, 0, 0, 0, 0, 0, 1, 1, 0],[1, 0, 2, 0, 0, 0, 0, 0, 0, 0, 0, 0],[0, 0, 0, 1, 0, 0, 0, 0, 0, 1, 0, 0],[0, 0, 0, 0, 0, 0, 0, 0, 0, 0, 0, 0],[0, 0, 0, 0, 0, 1, 0, 0, 0, 0, 1, 0],[0, 0, 0, 1, 0, 0, 0, 0, 0, 0, 1, 0],[0, 0, 0, 0, 0, 0, 0, 1, 0, 0, 0, 0],[0, 0, 0, 0, 0, 2, 0, 0, 0, 0, 1, 0],[0, 0, 0, 1, 0, 0, 0, 0, 0, 0, 0, 0],[2, 0, 0, 0, 0, 0, 0, 0, 0, 0, 0, 0],[0, 0, 0, 0, 0, 0, 0, 0, 0, 0, 0, 0],[0, 1, 1, 0, 0, 0, 0, 0, 0, 0, 0, 0],[0, 0, 0, 0, 0, 0, 0, 0, 0, 0, 0, 0],[0, 0, 0, 0, 0, 0, 0, 0, 0, 0, 0, 0],[0, 0, 0, 0, 0, 0, 1, 0, 0, 1, 0, 0],[0, 0, 0, 0, 0, 0, 0, 0, 0, 0, 0, 0],[0, 0, 0, 0, 0, 0, 0, 0, 0, 0, 0, 0],[0, 0, 0, 0, 0, 0, 0, 0, 0, 0, 1, 0],[0, 1, 1, 0, 1, 0, 0, 0, 0, 0, 0, 0],[0, 0, 0, 0, 0, 0, 0, 0, 0, 0, 0, 0],[0, 0, 0, 0, 0, 0, 0, 0, 0, 0, 0, 0],[1, 0, 0, 0, 0, 0, 0, 0, 0, 0, 0, 0],[0, 0, 0, 0, 0, 0, 0, 0, 0, 0, 0, 0],[0, 0, 0, 0, 0, 0, 0, 0, 0, 0, 0, 0],[0, 0, 0, 0, 0, 0, 0, 0, 0, 0, 0, 0],[0, 0, 0, 0, 0, 0, 0, 0, 0, 0, 0, 0],[2, 0, 0, 0, 0, 0, 0, 0, 0, 0, 0, 1],[0, 0, 0, 0, 0, 0, 0, 0, 0, 0, 0, 0],[0, 0, 0, 0, 0, 0, 0, 0, 0, 0, 0, 0],[1, 0, 1, 0, 1, 0, 0, 0, 0, 0, 0, 0],[0, 0, 0, 0, 0, 0, 0, 0, 0, 0, 0, 0],[1, 0, 0, 0, 0, 0, 0, 1, 0, 0, 0, 0],[0, 0, 0, 0, 0, 0, 0, 0, 0, 1, 0, 0],[1, 0, 0, 0, 0, 0, 0, 0, 0, 0, 0, 0],[0, 0, 0, 0, 0, 0, 0, 0, 0, 0, 0, 0],[0, 0, 0, 0, 1, 2, 0, 0, 0, 0, 1, 0],[0, 0, 0, 0, 0, 0, 0, 0, 0, 0, 0, 0],[0, 0, 0, 0, 0, 0, 0, 1, 0, 0, 0, 0],[0, 1, 0, 0, 0, 1, 0, 0, 0, 0, 0, 0],[0, 0, 0, 0, 2, 0, 0, 0, 0, 0, 0, 0],[0, 0, 0, 0, 0, 0, 0, 0, 0, 0, 0, 0],[0, 0, 0, 0, 0, 1, 0, 0, 0, 0, 0, 0],[0, 1, 0, 0, 0, 0, 1, 0, 0, 0, 0, 0],[0, 0, 0, 0, 0, 0, 0, 0, 0, 0, 0, 0],[0, 1, 0, 0, 0, 0, 0, 0, 0, 0, 0, 0],[0, 0, 0, 0, 0, 0, 0, 0, 0, 0, 0, 0],[0, 0, 0, 0, 0, 0, 0, 0, 0, 0, 0, 0],[0, 0, 0, 1, 0, 0, 0, 0, 0, 0, 0, 0],[0, 0, 1, 0, 0, 0, 2, 0, 0, 0, 0, 0],[0, 0, 0, 0, 0, 0, 0, 0, 0, 0, 0, 0],[0, 0, 0, 0, 0, 0, 0, 0, 0, 0, 0, 0],[0, 0, 0, 0, 1, 0, 0, 0, 0, 0, 0, 0],[0, 0, 0, 0, 0, 0, 0, 0, 0, 0, 0, 0],[0, 0, 1, 0, 0, 0, 0, 0, 0, 1, 0, 0],[0, 0, 0, 0, 0, 0, 0, 0, 0, 0, 0, 0],[1, 0, 0, 0, 0, 0, 0, 0, 0, 1, 0, 0],[0, 0, 0, 0, 0, 0, 0, 0, 0, 0, 1, 1],[1, 0, 0, 0, 0, 0, 0, 0, 0, 0, 0, 0],[0, 0, 0, 0, 0, 0, 0, 0, 0, 0, 0, 0],[0, 0, 0, 0, 0, 0, 0, 0, 0, 0, 0, 0],[0, 0, 0, 0, 0, 0, 0, 0, 0, 0, 0, 0],[0, 0, 0, 0, 0, 0, 0, 0, 0, 0, 0, 0],[0, 0, 0, 0, 0, 0, 0, 0, 0, 0, 0, 0],[0, 0, 0, 0, 0, 0, 0, 0, 0, 0, 0, 0],[0, 0, 0, 0, 0, 0, 0, 0, 0, 0, 0, 0],[0, 0, 0, 0, 0, 0, 0, 0, 0, 0, 0, 0],[0, 0, 0, 0, 0, 0, 0, 0, 0, 0, 0, 0],[0, 0, 0, 0, 0, 0, 0, 0, 0, 0, 0, 0],[0, 0, 0, 0, 0, 0, 0, 0, 0, 0, 0, 0],[0, 0, 0, 0, 0, 0, 0, 0, 0, 0, 0, 0],[0, 0, 0, 0, 0, 0, 0, 0, 0, 0, 0, 0],[0, 0, 0, 0, 0, 0, 0, 0, 0, 0, 0, 0],[0, 0, 0, 0, 0, 0, 0, 0, 0, 0, 0, 0],[0, 0, 0, 0, 0, 0, 0, 0, 0, 0, 0, 0],[0, 0, 0, 0, 0, 0, 0, 0, 0, 0, 0, 0],[0, 0, 0, 0, 0, 0, 0, 0, 0, 0, 0, 0],[0, 0, 0, 0, 0, 0, 0, 0, 0, 0, 0, 0],[0, 0, 0, 0, 0, 0, 0, 0, 0, 0, 0, 0],[0, 0, 0, 0, 0, 0, 0, 0, 0, 0, 0, 0],[0, 0, 0, 0, 0, 0, 0, 0, 0, 0, 0, 0],[0, 0, 0, 0, 0, 0, 0, 0, 0, 0, 0, 0],[0, 0, 0, 0, 0, 0, 0, 0, 0, 0, 0, 0],[0, 0, 0, 0, 0, 0, 0, 0, 0, 0, 0, 0],[0, 0, 0, 0, 0, 0, 0, 0, 0, 0, 0, 0],[0, 0, 0, 0, 0, 0, 0, 0, 0, 0, 0, 0],[0, 0, 0, 0, 0, 0, 0, 0, 0, 0, 0, 0],[0, 0, 0, 0, 0, 0, 0, 0, 0, 0, 0, 0],[0, 0, 0, 0, 0, 0, 0, 0, 0, 0, 0, 0],[0, 0, 0, 0, 0, 0, 0, 0, 0, 0, 0, 0],[0, 0, 0, 0, 0, 0, 0, 0, 0, 0, 0, 0],[0, 0, 0, 0, 0, 0, 0, 0, 0, 0, 0, 0],[0, 0, 0, 0, 0, 0, 0, 0, 0, 0, 0, 0],[0, 0, 0, 0, 0, 0, 0, 0, 0, 0, 0, 0],[0, 0, 0, 0, 0, 0, 0, 0, 0, 0, 0, 0],[0, 0, 0, 0, 0, 0, 0, 0, 0, 0, 0, 0],[0, 0, 0, 0, 0, 0, 0, 0, 0, 0, 0, 0],[0, 0, 0, 0, 0, 0, 0, 0, 0, 0, 0, 0],[0, 0, 0, 0, 0, 0, 0, 0, 0, 0, 0, 0],[0, 0, 0, 0, 0, 0, 0, 0, 0, 0, 0, 0],[0, 0, 0, 0, 0, 0, 0, 0, 0, 0, 0, 0],[0, 0, 0, 0, 0, 0, 0, 0, 0, 0, 0, 0],[0, 0, 0, 0, 0, 0, 0, 0, 0, 0, 0, 0],[0, 0, 0, 0, 0, 0, 0, 0, 0, 0, 0, 0],[0, 0, 0, 0, 0, 0, 0, 0, 0, 0, 0, 0],[0, 0, 0, 0, 0, 0, 0, 0, 0, 0, 0, 0],[0, 0, 0, 0, 0, 0, 0, 0, 0, 0, 0, 0],[0, 0, 0, 0, 0, 0, 0, 0, 0, 0, 0, 0],[0, 0, 0, 0, 0, 0, 0, 0, 0, 0, 0, 0]
]',11, 1),
(14, 29, 1, '[[0, 0, 0, 0, 2, 2, 0, 0, 0, 1, 0, 0],[0, 1, 0, 0, 1, 0, 0, 0, 1, 0, 0, 1],[1, 0, 1, 0, 0, 0, 0, 0, 0, 0, 0, 0],[1, 3, 1, 0, 1, 0, 2, 0, 0, 0, 1, 1],[0, 0, 0, 0, 0, 0, 0, 0, 0, 0, 1, 0],[0, 0, 0, 0, 0, 0, 4, 0, 1, 2, 0, 1],[0, 1, 0, 1, 1, 0, 0, 0, 1, 0, 0, 0],[1, 0, 0, 0, 0, 0, 1, 0, 0, 1, 0, 0],[0, 0, 0, 0, 0, 0, 1, 1, 1, 0, 0, 0],[0, 0, 0, 3, 0, 0, 1, 0, 0, 0, 0, 1],[0, 0, 0, 1, 0, 0, 0, 1, 0, 0, 2, 1],[0, 1, 0, 0, 0, 0, 0, 0, 0, 0, 0, 0],[1, 0, 1, 0, 0, 0, 0, 0, 0, 0, 1, 0],[0, 1, 0, 0, 1, 0, 1, 0, 0, 1, 0, 0],[0, 1, 0, 0, 0, 0, 0, 0, 0, 0, 0, 0],[0, 0, 1, 1, 0, 0, 0, 0, 0, 1, 0, 0],[0, 0, 2, 0, 1, 0, 0, 1, 1, 0, 1, 0],[0, 0, 1, 0, 0, 0, 0, 0, 1, 1, 0, 1],[0, 0, 0, 0, 0, 0, 0, 1, 1, 1, 1, 0],[1, 0, 0, 1, 0, 0, 0, 0, 0, 0, 0, 0],[0, 0, 1, 0, 0, 0, 0, 0, 1, 0, 1, 0],[0, 0, 1, 0, 1, 0, 0, 0, 0, 0, 0, 0],[0, 1, 0, 0, 0, 1, 0, 0, 0, 1, 1, 0],[1, 0, 2, 0, 0, 0, 0, 0, 0, 0, 0, 0],[0, 0, 0, 1, 0, 0, 0, 0, 0, 1, 0, 0],[0, 0, 0, 0, 0, 0, 0, 0, 0, 0, 0, 0],[0, 0, 0, 0, 0, 1, 0, 0, 0, 0, 1, 0],[0, 0, 0, 1, 0, 0, 0, 0, 0, 0, 1, 0],[0, 0, 0, 0, 0, 0, 0, 1, 0, 0, 0, 0],[1, 0, 0, 0, 0, 2, 0, 0, 0, 0, 1, 0],[0, 0, 0, 1, 0, 0, 0, 0, 0, 0, 0, 0],[2, 0, 0, 0, 0, 0, 0, 0, 0, 0, 0, 0],[0, 0, 0, 0, 0, 0, 0, 0, 0, 0, 0, 0],[0, 1, 1, 0, 0, 0, 0, 0, 0, 0, 0, 0],[0, 0, 0, 0, 0, 0, 0, 0, 0, 0, 0, 0],[0, 0, 0, 0, 0, 0, 0, 0, 0, 0, 0, 0],[0, 0, 0, 0, 0, 0, 1, 0, 0, 1, 0, 0],[0, 0, 0, 0, 0, 0, 0, 0, 0, 0, 0, 0],[0, 0, 0, 0, 0, 0, 0, 0, 0, 0, 0, 0],[0, 0, 0, 0, 0, 0, 0, 0, 0, 0, 1, 0],[0, 1, 1, 0, 1, 0, 0, 0, 0, 0, 0, 0],[0, 0, 0, 0, 1, 0, 0, 0, 0, 0, 0, 0],[0, 0, 0, 0, 0, 0, 0, 0, 0, 0, 0, 0],[1, 0, 0, 0, 0, 0, 0, 0, 0, 0, 0, 0],[0, 0, 0, 0, 0, 0, 0, 0, 0, 0, 0, 0],[0, 0, 0, 0, 0, 0, 0, 0, 0, 0, 0, 0],[0, 0, 0, 0, 0, 0, 0, 0, 0, 0, 0, 0],[0, 0, 0, 0, 0, 0, 0, 0, 0, 0, 0, 0],[2, 0, 0, 0, 0, 0, 0, 0, 0, 0, 0, 1],[0, 0, 0, 0, 0, 0, 0, 0, 0, 0, 0, 0],[0, 0, 0, 0, 0, 0, 0, 0, 0, 0, 0, 0],[1, 0, 1, 0, 1, 0, 0, 0, 0, 0, 0, 0],[0, 0, 0, 0, 0, 0, 0, 0, 0, 0, 0, 1],[1, 0, 0, 0, 0, 0, 0, 1, 0, 0, 0, 0],[0, 0, 0, 0, 0, 0, 0, 0, 0, 1, 1, 0],[1, 0, 0, 0, 0, 0, 0, 0, 0, 0, 0, 0],[0, 0, 0, 0, 0, 0, 0, 0, 0, 0, 1, 0],[0, 0, 0, 0, 1, 2, 0, 0, 0, 0, 1, 0],[0, 0, 0, 0, 0, 0, 0, 0, 0, 0, 0, 0],[0, 0, 0, 0, 0, 0, 0, 1, 0, 0, 0, 0],[0, 1, 0, 0, 0, 1, 0, 0, 0, 0, 0, 0],[0, 0, 0, 0, 2, 0, 0, 0, 0, 0, 0, 0],[0, 0, 0, 0, 0, 0, 0, 0, 0, 0, 0, 0],[0, 0, 0, 0, 0, 1, 0, 0, 0, 0, 0, 0],[0, 1, 0, 0, 0, 0, 1, 0, 0, 0, 0, 0],[0, 0, 0, 0, 0, 0, 0, 0, 0, 0, 0, 0],[0, 1, 0, 0, 0, 0, 0, 0, 0, 0, 0, 0],[0, 0, 0, 0, 0, 0, 0, 0, 0, 0, 0, 0],[0, 0, 0, 0, 0, 0, 0, 0, 0, 0, 0, 0],[0, 0, 0, 1, 0, 0, 0, 0, 0, 0, 0, 0],[0, 0, 1, 0, 0, 0, 2, 0, 0, 0, 0, 0],[0, 0, 0, 0, 0, 0, 0, 0, 0, 0, 0, 0],[0, 0, 0, 0, 0, 0, 0, 0, 0, 0, 0, 0],[0, 0, 0, 0, 1, 0, 0, 0, 0, 0, 0, 0],[0, 0, 0, 0, 0, 0, 0, 0, 0, 0, 0, 0],[0, 0, 1, 0, 0, 0, 0, 0, 0, 1, 0, 0],[0, 0, 0, 0, 0, 0, 0, 0, 0, 0, 0, 0],[1, 0, 0, 0, 0, 0, 0, 0, 0, 1, 0, 0],[0, 0, 0, 0, 0, 0, 0, 0, 0, 0, 1, 1],[1, 0, 0, 0, 0, 0, 0, 0, 0, 0, 0, 0],[0, 0, 0, 0, 0, 0, 0, 0, 0, 0, 0, 0],[0, 0, 0, 0, 0, 0, 0, 0, 0, 0, 0, 0],[0, 0, 0, 0, 0, 0, 0, 0, 0, 0, 0, 0],[0, 0, 0, 0, 0, 0, 0, 0, 0, 0, 0, 0],[0, 0, 0, 0, 0, 0, 0, 0, 0, 0, 0, 0],[0, 0, 0, 0, 0, 0, 0, 0, 0, 0, 0, 0],[0, 0, 0, 0, 0, 0, 0, 0, 0, 0, 0, 0],[0, 0, 0, 0, 0, 0, 0, 0, 0, 0, 0, 0],[0, 0, 0, 0, 0, 0, 0, 0, 0, 0, 0, 0],[0, 0, 0, 0, 0, 0, 0, 0, 0, 0, 0, 0],[0, 0, 0, 0, 0, 0, 0, 0, 0, 0, 0, 0],[0, 0, 0, 0, 0, 0, 0, 0, 0, 0, 0, 0],[0, 0, 0, 0, 0, 0, 0, 0, 0, 0, 0, 0],[0, 0, 0, 0, 0, 0, 0, 0, 0, 0, 0, 0],[0, 0, 0, 0, 0, 0, 0, 0, 0, 0, 0, 0],[0, 0, 0, 0, 0, 0, 0, 0, 0, 0, 0, 0],[0, 0, 0, 0, 0, 0, 0, 0, 0, 0, 0, 0],[0, 0, 0, 0, 0, 0, 0, 0, 0, 0, 0, 0],[0, 0, 0, 0, 0, 0, 0, 0, 0, 0, 0, 0],[0, 0, 0, 0, 0, 0, 0, 0, 0, 0, 0, 0],[0, 0, 0, 0, 0, 0, 0, 0, 0, 0, 0, 0],[0, 0, 0, 0, 0, 0, 0, 0, 0, 0, 0, 0],[0, 0, 0, 0, 0, 0, 0, 0, 0, 0, 0, 0],[0, 0, 0, 0, 0, 0, 0, 0, 0, 0, 0, 0],[0, 0, 0, 0, 0, 0, 0, 0, 0, 0, 0, 0],[0, 0, 0, 0, 0, 0, 0, 0, 0, 0, 0, 0],[0, 0, 0, 0, 0, 0, 0, 0, 0, 0, 0, 0],[0, 0, 0, 0, 0, 0, 0, 0, 0, 0, 0, 0],[0, 0, 0, 0, 0, 0, 0, 0, 0, 0, 0, 0],[0, 0, 0, 0, 0, 0, 0, 0, 0, 0, 0, 0],[0, 0, 0, 0, 0, 0, 0, 0, 0, 0, 0, 0],[0, 0, 0, 0, 0, 0, 0, 0, 0, 0, 0, 0],[0, 0, 0, 0, 0, 0, 0, 0, 0, 0, 0, 0],[0, 0, 0, 0, 0, 0, 0, 0, 0, 0, 0, 0],[0, 0, 0, 0, 0, 0, 0, 0, 0, 0, 0, 0],[0, 0, 0, 0, 0, 0, 0, 0, 0, 0, 0, 0],[0, 0, 0, 0, 0, 0, 0, 0, 0, 0, 0, 0],[0, 0, 0, 0, 0, 0, 0, 0, 0, 0, 0, 0],[0, 0, 0, 0, 0, 0, 0, 0, 0, 0, 0, 0],[0, 0, 0, 0, 0, 0, 0, 0, 0, 0, 0, 0],[0, 0, 0, 0, 0, 0, 0, 0, 0, 0, 0, 0],[0, 0, 0, 0, 0, 0, 0, 0, 0, 0, 0, 0],[0, 0, 0, 0, 0, 0, 0, 0, 0, 0, 0, 0],[0, 0, 0, 0, 0, 0, 0, 0, 0, 0, 0, 0],[0, 0, 0, 0, 0, 0, 0, 0, 0, 0, 0, 0],[0, 0, 0, 0, 0, 0, 0, 0, 0, 0, 0, 0],[0, 0, 0, 0, 0, 0, 0, 0, 0, 0, 0, 0],[0, 0, 0, 0, 0, 0, 0, 0, 0, 0, 0, 0],[0, 0, 0, 0, 0, 0, 0, 0, 0, 0, 0, 0],[0, 0, 0, 0, 0, 0, 0, 0, 0, 0, 0, 0]
]', 12, 1),
(15, 29, 1, '[[0, 0, 0, 0, 2, 1, 0, 0, 0, 1, 0, 0],[0, 1, 0, 0, 1, 0, 0, 0, 1, 0, 0, 1],[1, 0, 1, 0, 0, 0, 0, 0, 0, 0, 0, 0],[1, 3, 1, 0, 1, 0, 2, 0, 0, 0, 1, 1],[0, 0, 0, 0, 0, 0, 0, 0, 0, 0, 1, 0],[0, 0, 0, 0, 0, 0, 4, 0, 1, 2, 0, 1],[0, 1, 0, 1, 1, 0, 0, 0, 1, 0, 0, 0],[1, 0, 0, 0, 0, 0, 1, 0, 0, 1, 0, 0],[0, 0, 0, 0, 0, 0, 0, 1, 1, 0, 0, 0],[0, 0, 0, 2, 0, 0, 1, 0, 0, 0, 0, 1],[0, 0, 0, 1, 0, 0, 0, 1, 0, 0, 2, 1],[0, 0, 0, 0, 0, 0, 0, 0, 0, 0, 0, 0],[1, 0, 1, 0, 0, 0, 0, 0, 0, 0, 1, 0],[0, 1, 0, 0, 1, 0, 1, 0, 0, 0, 0, 0],[0, 0, 0, 0, 0, 0, 0, 0, 0, 0, 0, 0],[0, 0, 1, 1, 0, 0, 0, 0, 0, 1, 0, 0],[0, 0, 2, 0, 1, 0, 0, 1, 1, 0, 1, 0],[0, 0, 1, 0, 0, 0, 0, 0, 1, 1, 0, 1],[0, 0, 0, 0, 0, 0, 0, 1, 1, 1, 1, 0],[1, 0, 0, 1, 0, 0, 0, 0, 0, 0, 0, 0],[0, 0, 1, 0, 0, 0, 0, 0, 0, 0, 1, 0],[0, 0, 1, 0, 1, 0, 0, 0, 0, 0, 0, 0],[0, 1, 0, 0, 0, 1, 0, 0, 0, 1, 1, 0],[1, 0, 2, 0, 0, 0, 0, 0, 0, 0, 0, 0],[0, 0, 0, 1, 0, 0, 0, 0, 0, 1, 0, 0],[0, 0, 0, 0, 0, 0, 0, 0, 0, 0, 0, 0],[0, 0, 0, 0, 0, 1, 0, 0, 0, 0, 1, 0],[0, 0, 0, 1, 0, 0, 0, 0, 0, 0, 1, 0],[0, 0, 0, 0, 0, 0, 0, 1, 0, 0, 0, 0],[1, 0, 0, 0, 0, 2, 0, 0, 0, 0, 1, 0],[0, 0, 0, 1, 0, 0, 0, 0, 0, 0, 0, 0],[2, 0, 0, 0, 0, 0, 0, 0, 0, 0, 0, 0],[0, 0, 0, 0, 0, 0, 0, 0, 0, 0, 0, 0],[0, 1, 1, 0, 0, 0, 0, 0, 0, 0, 0, 0],[0, 0, 0, 0, 0, 0, 0, 0, 0, 0, 0, 0],[0, 0, 0, 0, 0, 0, 0, 0, 0, 0, 0, 0],[0, 0, 0, 0, 0, 0, 1, 0, 0, 0, 0, 0],[0, 0, 0, 0, 0, 0, 0, 0, 0, 0, 0, 0],[0, 0, 0, 0, 0, 0, 0, 0, 0, 0, 0, 0],[0, 0, 0, 0, 0, 0, 0, 0, 0, 0, 1, 0],[0, 1, 1, 0, 1, 0, 0, 0, 0, 0, 0, 0],[0, 0, 0, 0, 1, 0, 0, 0, 0, 0, 0, 0],[0, 0, 0, 0, 0, 0, 0, 0, 0, 0, 0, 0],[1, 0, 0, 0, 0, 0, 0, 0, 0, 0, 0, 0],[0, 0, 0, 0, 0, 0, 0, 0, 0, 0, 0, 0],[0, 0, 0, 0, 0, 0, 0, 0, 0, 0, 0, 0],[0, 0, 0, 0, 0, 0, 0, 0, 0, 0, 0, 0],[0, 0, 0, 0, 0, 0, 0, 0, 0, 0, 0, 0],[2, 0, 0, 0, 0, 0, 0, 0, 0, 0, 0, 1],[0, 0, 0, 0, 0, 0, 0, 0, 0, 0, 0, 0],[0, 0, 0, 0, 0, 0, 0, 0, 0, 0, 0, 0],[1, 0, 1, 0, 1, 0, 0, 0, 0, 0, 0, 0],[0, 0, 0, 0, 0, 0, 0, 0, 0, 0, 0, 1],[1, 0, 0, 0, 0, 0, 0, 1, 0, 0, 0, 0],[0, 0, 0, 0, 0, 0, 0, 0, 0, 0, 1, 0],[1, 0, 0, 0, 0, 0, 0, 0, 0, 0, 0, 0],[0, 0, 0, 0, 0, 0, 0, 0, 0, 0, 1, 0],[0, 0, 0, 0, 1, 2, 0, 0, 0, 0, 1, 0],[0, 0, 0, 0, 0, 0, 0, 0, 0, 0, 0, 0],[0, 0, 0, 0, 0, 0, 0, 1, 0, 0, 0, 0],[0, 1, 0, 0, 0, 1, 0, 0, 0, 0, 0, 0],[0, 0, 0, 0, 2, 0, 0, 0, 0, 0, 0, 0],[0, 0, 0, 0, 0, 0, 0, 0, 0, 0, 0, 0],[0, 0, 0, 0, 0, 1, 0, 0, 0, 0, 0, 0],[0, 1, 0, 0, 0, 0, 1, 0, 0, 0, 0, 0],[0, 0, 0, 0, 0, 0, 0, 0, 0, 0, 0, 0],[0, 1, 0, 0, 0, 0, 0, 0, 0, 0, 0, 0],[0, 0, 0, 0, 0, 0, 0, 0, 0, 0, 0, 0],[0, 0, 0, 0, 0, 0, 0, 0, 0, 0, 0, 0],[0, 0, 0, 1, 0, 0, 0, 0, 0, 0, 0, 0],[0, 0, 0, 0, 0, 0, 2, 0, 0, 0, 0, 0],[0, 0, 0, 0, 0, 0, 0, 0, 0, 0, 0, 0],[0, 0, 0, 0, 0, 0, 0, 0, 0, 0, 0, 0],[0, 0, 0, 0, 1, 0, 0, 0, 0, 0, 0, 0],[0, 0, 0, 0, 0, 0, 0, 0, 0, 0, 0, 0],[0, 0, 1, 0, 0, 0, 0, 0, 0, 1, 0, 0],[0, 0, 0, 0, 0, 0, 0, 0, 0, 0, 0, 0],[1, 0, 0, 0, 0, 0, 0, 0, 0, 1, 0, 0],[0, 0, 0, 0, 0, 0, 0, 0, 0, 0, 1, 0],[1, 0, 0, 0, 0, 0, 0, 0, 0, 0, 0, 0],[0, 0, 0, 0, 0, 0, 0, 0, 0, 0, 0, 0],[0, 0, 0, 0, 0, 0, 0, 0, 0, 0, 0, 0],[0, 0, 0, 0, 0, 0, 0, 0, 0, 0, 0, 0],[0, 0, 0, 0, 0, 0, 0, 0, 0, 0, 0, 0],[0, 0, 0, 0, 0, 0, 0, 0, 0, 0, 0, 0],[0, 0, 0, 0, 0, 0, 0, 0, 0, 0, 0, 0],[0, 0, 0, 0, 0, 0, 0, 0, 0, 0, 0, 0],[0, 0, 0, 0, 0, 0, 0, 0, 0, 0, 0, 0],[0, 0, 0, 0, 0, 0, 0, 0, 0, 0, 0, 0],[0, 0, 0, 0, 0, 0, 0, 0, 0, 0, 0, 0],[0, 0, 0, 0, 0, 0, 0, 0, 0, 0, 0, 0],[0, 0, 0, 0, 0, 0, 0, 0, 0, 0, 0, 0],[0, 0, 0, 0, 0, 0, 0, 0, 0, 0, 0, 0],[0, 0, 0, 0, 0, 0, 0, 0, 0, 0, 0, 0],[0, 0, 0, 0, 0, 0, 0, 0, 0, 0, 0, 0],[0, 0, 0, 0, 0, 0, 0, 0, 0, 0, 0, 0],[0, 0, 0, 0, 0, 0, 0, 0, 0, 0, 0, 0],[0, 0, 0, 0, 0, 0, 0, 0, 0, 0, 0, 0],[0, 0, 0, 0, 0, 0, 0, 0, 0, 0, 0, 0],[0, 0, 0, 0, 0, 0, 0, 0, 0, 0, 0, 0],[0, 0, 0, 0, 0, 0, 0, 0, 0, 0, 0, 0],[0, 0, 0, 0, 0, 0, 0, 0, 0, 0, 0, 0],[0, 0, 0, 0, 0, 0, 0, 0, 0, 0, 0, 0],[0, 0, 0, 0, 0, 0, 0, 0, 0, 0, 0, 0],[0, 0, 0, 0, 0, 0, 0, 0, 0, 0, 0, 0],[0, 0, 0, 0, 0, 0, 0, 0, 0, 0, 0, 0],[0, 0, 0, 0, 0, 0, 0, 0, 0, 0, 0, 0],[0, 0, 0, 0, 0, 0, 0, 0, 0, 0, 0, 0],[0, 0, 0, 0, 0, 0, 0, 0, 0, 0, 0, 0],[0, 0, 0, 0, 0, 0, 0, 0, 0, 0, 0, 0],[0, 0, 0, 0, 0, 0, 0, 0, 0, 0, 0, 0],[0, 0, 0, 0, 0, 0, 0, 0, 0, 0, 0, 0],[0, 0, 0, 0, 0, 0, 0, 0, 0, 0, 0, 0],[0, 0, 0, 0, 0, 0, 0, 0, 0, 0, 0, 0],[0, 0, 0, 0, 0, 0, 0, 0, 0, 0, 0, 0],[0, 0, 0, 0, 0, 0, 0, 0, 0, 0, 0, 0],[0, 0, 0, 0, 0, 0, 0, 0, 0, 0, 0, 0],[0, 0, 0, 0, 0, 0, 0, 0, 0, 0, 0, 0],[0, 0, 0, 0, 0, 0, 0, 0, 0, 0, 0, 0],[0, 0, 0, 0, 0, 0, 0, 0, 0, 0, 0, 0],[0, 0, 0, 0, 0, 0, 0, 0, 0, 0, 0, 0],[0, 0, 0, 0, 0, 0, 0, 0, 0, 0, 0, 0],[0, 0, 0, 0, 0, 0, 0, 0, 0, 0, 0, 0],[0, 0, 0, 0, 0, 0, 0, 0, 0, 0, 0, 0],[0, 0, 0, 0, 0, 0, 0, 0, 0, 0, 0, 0],[0, 0, 0, 0, 0, 0, 0, 0, 0, 0, 0, 0],[0, 0, 0, 0, 0, 0, 0, 0, 0, 0, 0, 0],[0, 0, 0, 0, 0, 0, 0, 0, 0, 0, 0, 0],[0, 0, 0, 0, 0, 0, 0, 0, 0, 0, 0, 0],[0, 0, 0, 0, 0, 0, 0, 0, 0, 0, 0, 0]
]', 13, 1),
(16, 29, 1, '[[0, 0, 0, 0, 2, 1, 0, 0, 0, 1, 0, 0],[0, 1, 0, 0, 1, 0, 0, 0, 1, 0, 0, 1],[1, 0, 1, 0, 0, 0, 0, 0, 0, 0, 0, 0],[1, 3, 1, 0, 1, 0, 2, 0, 0, 0, 1, 1],[0, 0, 0, 0, 0, 0, 0, 0, 0, 0, 1, 0],[0, 0, 0, 0, 0, 0, 4, 0, 1, 2, 0, 1],[0, 1, 0, 1, 1, 0, 0, 0, 1, 0, 0, 0],[1, 0, 0, 0, 0, 0, 1, 0, 0, 1, 0, 0],[0, 0, 0, 0, 0, 0, 0, 1, 1, 0, 0, 0],[0, 0, 0, 2, 0, 0, 1, 0, 0, 0, 0, 1],[0, 0, 0, 1, 0, 0, 0, 1, 0, 0, 2, 1],[0, 0, 0, 0, 0, 0, 0, 0, 0, 0, 0, 0],[1, 0, 1, 0, 0, 0, 0, 0, 0, 0, 1, 0],[0, 1, 0, 0, 1, 0, 1, 0, 0, 0, 0, 0],[0, 0, 0, 0, 0, 0, 0, 0, 0, 0, 0, 0],[0, 0, 1, 1, 0, 0, 0, 0, 0, 1, 0, 0],[0, 0, 2, 0, 1, 0, 0, 1, 1, 0, 1, 0],[0, 0, 1, 0, 0, 0, 0, 0, 1, 1, 0, 1],[0, 0, 0, 0, 0, 0, 0, 1, 1, 1, 1, 0],[1, 0, 0, 1, 0, 0, 0, 0, 0, 0, 0, 0],[0, 0, 1, 0, 0, 0, 0, 0, 0, 0, 1, 0],[0, 0, 1, 0, 1, 0, 0, 0, 0, 0, 0, 0],[0, 1, 0, 0, 0, 1, 0, 0, 0, 1, 1, 0],[1, 0, 2, 0, 0, 0, 0, 0, 0, 0, 0, 0],[0, 0, 0, 1, 0, 0, 0, 0, 0, 1, 0, 0],[0, 0, 0, 0, 0, 0, 0, 0, 0, 0, 0, 0],[0, 0, 0, 0, 0, 1, 0, 0, 0, 0, 1, 0],[0, 0, 0, 1, 0, 0, 0, 0, 0, 0, 1, 0],[0, 0, 0, 0, 0, 0, 0, 1, 0, 0, 0, 0],[1, 0, 0, 0, 0, 2, 0, 0, 0, 0, 1, 0],[0, 0, 0, 1, 0, 0, 0, 0, 0, 0, 0, 0],[2, 0, 0, 0, 0, 0, 0, 0, 0, 0, 0, 0],[0, 0, 0, 0, 0, 0, 0, 0, 0, 0, 0, 0],[0, 1, 1, 0, 0, 0, 0, 0, 0, 0, 0, 0],[0, 0, 0, 0, 0, 0, 0, 0, 0, 0, 0, 0],[0, 0, 0, 0, 0, 0, 0, 0, 0, 0, 0, 0],[0, 0, 0, 0, 0, 0, 1, 0, 0, 0, 0, 0],[0, 0, 0, 0, 0, 0, 0, 0, 0, 0, 0, 0],[0, 0, 0, 0, 0, 0, 0, 0, 0, 0, 0, 0],[0, 0, 0, 0, 0, 0, 0, 0, 0, 0, 1, 0],[0, 1, 1, 0, 1, 0, 0, 0, 0, 0, 0, 0],[0, 0, 0, 0, 1, 0, 0, 0, 0, 0, 0, 0],[0, 0, 0, 0, 0, 0, 0, 0, 0, 0, 0, 0],[1, 0, 0, 0, 0, 0, 0, 0, 0, 0, 0, 0],[0, 0, 0, 0, 0, 0, 0, 0, 0, 0, 0, 0],[0, 0, 0, 0, 0, 0, 0, 0, 0, 0, 0, 0],[0, 0, 0, 0, 0, 0, 0, 0, 0, 0, 0, 0],[0, 0, 0, 0, 0, 0, 0, 0, 0, 0, 0, 0],[2, 0, 0, 0, 0, 0, 0, 0, 0, 0, 0, 1],[0, 0, 0, 0, 0, 0, 0, 0, 0, 0, 0, 0],[0, 0, 0, 0, 0, 0, 0, 0, 0, 0, 0, 0],[1, 0, 1, 0, 1, 0, 0, 0, 0, 0, 0, 0],[0, 0, 0, 0, 0, 0, 0, 0, 0, 0, 0, 1],[1, 0, 0, 0, 0, 0, 0, 1, 0, 0, 0, 0],[0, 0, 0, 0, 0, 0, 0, 0, 0, 0, 1, 0],[1, 0, 0, 0, 0, 0, 0, 0, 0, 0, 0, 0],[0, 0, 0, 0, 0, 0, 0, 0, 0, 0, 1, 0],[0, 0, 0, 0, 1, 2, 0, 0, 0, 0, 1, 0],[0, 0, 0, 0, 0, 0, 0, 0, 0, 0, 0, 0],[0, 0, 0, 0, 0, 0, 0, 1, 0, 0, 0, 0],[0, 1, 0, 0, 0, 1, 0, 0, 0, 0, 0, 0],[0, 0, 0, 0, 2, 0, 0, 0, 0, 0, 0, 0],[0, 0, 0, 0, 0, 0, 0, 0, 0, 0, 0, 0],[0, 0, 0, 0, 0, 1, 0, 0, 0, 0, 0, 0],[0, 1, 0, 0, 0, 0, 1, 0, 0, 0, 0, 0],[0, 0, 0, 0, 0, 0, 0, 0, 0, 0, 0, 0],[0, 1, 0, 0, 0, 0, 0, 0, 0, 0, 0, 0],[0, 0, 0, 0, 0, 0, 0, 0, 0, 0, 0, 0],[0, 0, 0, 0, 0, 0, 0, 0, 0, 0, 0, 0],[0, 0, 0, 1, 0, 0, 0, 0, 0, 0, 0, 0],[0, 0, 0, 0, 0, 0, 2, 0, 0, 0, 0, 0],[0, 0, 0, 0, 0, 0, 0, 0, 0, 0, 0, 0],[0, 0, 0, 0, 0, 0, 0, 0, 0, 0, 0, 0],[0, 0, 0, 0, 1, 0, 0, 0, 0, 0, 0, 0],[0, 0, 0, 0, 0, 0, 0, 0, 0, 0, 0, 0],[0, 0, 1, 0, 0, 0, 0, 0, 0, 1, 0, 0],[0, 0, 0, 0, 0, 0, 0, 0, 0, 0, 0, 0],[1, 0, 0, 0, 0, 0, 0, 0, 0, 1, 0, 0],[0, 0, 0, 0, 0, 0, 0, 0, 0, 0, 1, 0],[1, 0, 0, 0, 0, 0, 0, 0, 0, 0, 0, 0],[0, 0, 0, 0, 0, 0, 0, 0, 0, 0, 0, 0],[0, 0, 0, 0, 0, 0, 0, 0, 0, 0, 0, 0],[0, 0, 0, 0, 0, 0, 0, 0, 0, 0, 0, 0],[0, 0, 0, 0, 0, 0, 0, 0, 0, 0, 0, 0],[0, 0, 0, 0, 0, 0, 0, 0, 0, 0, 0, 0],[0, 0, 0, 0, 0, 0, 0, 0, 0, 0, 0, 0],[0, 0, 0, 0, 0, 0, 0, 0, 0, 0, 0, 0],[0, 0, 0, 0, 0, 0, 0, 0, 0, 0, 0, 0],[0, 0, 0, 0, 0, 0, 0, 0, 0, 0, 0, 0],[0, 0, 0, 0, 0, 0, 0, 0, 0, 0, 0, 0],[0, 0, 0, 0, 0, 0, 0, 0, 0, 0, 0, 0],[0, 0, 0, 0, 0, 0, 0, 0, 0, 0, 0, 0],[0, 0, 0, 0, 0, 0, 0, 0, 0, 0, 0, 0],[0, 0, 0, 0, 0, 0, 0, 0, 0, 0, 0, 0],[0, 0, 0, 0, 0, 0, 0, 0, 0, 0, 0, 0],[0, 0, 0, 0, 0, 0, 0, 0, 0, 0, 0, 0],[0, 0, 0, 0, 0, 0, 0, 0, 0, 0, 0, 0],[0, 0, 0, 0, 0, 0, 0, 0, 0, 0, 0, 0],[0, 0, 0, 0, 0, 0, 0, 0, 0, 0, 0, 0],[0, 0, 0, 0, 0, 0, 0, 0, 0, 0, 0, 0],[0, 0, 0, 0, 0, 0, 0, 0, 0, 0, 0, 0],[0, 0, 0, 0, 0, 0, 0, 0, 0, 0, 0, 0],[0, 0, 0, 0, 0, 0, 0, 0, 0, 0, 0, 0],[0, 0, 0, 0, 0, 0, 0, 0, 0, 0, 0, 0],[0, 0, 0, 0, 0, 0, 0, 0, 0, 0, 0, 0],[0, 0, 0, 0, 0, 0, 0, 0, 0, 0, 0, 0],[0, 0, 0, 0, 0, 0, 0, 0, 0, 0, 0, 0],[0, 0, 0, 0, 0, 0, 0, 0, 0, 0, 0, 0],[0, 0, 0, 0, 0, 0, 0, 0, 0, 0, 0, 0],[0, 0, 0, 0, 0, 0, 0, 0, 0, 0, 0, 0],[0, 0, 0, 0, 0, 0, 0, 0, 0, 0, 0, 0],[0, 0, 0, 0, 0, 0, 0, 0, 0, 0, 0, 0],[0, 0, 0, 0, 0, 0, 0, 0, 0, 0, 0, 0],[0, 0, 0, 0, 0, 0, 0, 0, 0, 0, 0, 0],[0, 0, 0, 0, 0, 0, 0, 0, 0, 0, 0, 0],[0, 0, 0, 0, 0, 0, 0, 0, 0, 0, 0, 0],[0, 0, 0, 0, 0, 0, 0, 0, 0, 0, 0, 0],[0, 0, 0, 0, 0, 0, 0, 0, 0, 0, 0, 0],[0, 0, 0, 0, 0, 0, 0, 0, 0, 0, 0, 0],[0, 0, 0, 0, 0, 0, 0, 0, 0, 0, 0, 0],[0, 0, 0, 0, 0, 0, 0, 0, 0, 0, 0, 0],[0, 0, 0, 0, 0, 0, 0, 0, 0, 0, 0, 0],[0, 0, 0, 0, 0, 0, 0, 0, 0, 0, 0, 0],[0, 0, 0, 0, 0, 0, 0, 0, 0, 0, 0, 0],[0, 0, 0, 0, 0, 0, 0, 0, 0, 0, 0, 0],[0, 0, 0, 0, 0, 0, 0, 0, 0, 0, 0, 0],[0, 0, 0, 0, 0, 0, 0, 0, 0, 0, 0, 0],[0, 0, 0, 0, 0, 0, 0, 0, 0, 0, 0, 0],[0, 0, 0, 0, 0, 0, 0, 0, 0, 0, 0, 0],[0, 0, 0, 0, 0, 0, 0, 0, 0, 0, 0, 0]
]', 14, 1),
(17, 29, 1, '[[0, 0, 0, 0, 2, 1, 0, 0, 0, 0, 0, 0],[0, 1, 0, 0, 1, 0, 0, 0, 1, 0, 0, 1],[1, 0, 0, 0, 0, 0, 0, 0, 0, 0, 0, 0],[1, 2, 1, 0, 1, 0, 2, 0, 0, 0, 1, 0],[0, 0, 0, 0, 0, 0, 0, 0, 0, 0, 0, 0],[0, 0, 0, 0, 0, 0, 4, 0, 1, 2, 0, 1],[0, 1, 0, 0, 0, 0, 0, 0, 1, 0, 0, 0],[1, 0, 0, 0, 0, 0, 1, 0, 0, 1, 0, 0],[0, 0, 0, 0, 0, 0, 0, 1, 1, 0, 0, 0],[0, 0, 0, 1, 0, 0, 1, 0, 0, 0, 0, 1],[0, 0, 0, 1, 0, 0, 0, 1, 0, 0, 1, 1],[0, 0, 0, 0, 0, 0, 0, 0, 0, 0, 0, 0],[1, 0, 1, 0, 0, 0, 0, 0, 0, 0, 1, 0],[0, 1, 0, 0, 1, 0, 1, 0, 0, 0, 0, 0],[0, 0, 0, 0, 0, 0, 0, 0, 0, 0, 0, 0],[0, 0, 1, 1, 0, 0, 0, 0, 0, 1, 0, 0],[0, 0, 2, 0, 1, 0, 0, 0, 0, 0, 0, 0],[0, 0, 0, 0, 0, 0, 0, 0, 1, 1, 0, 1],[0, 0, 0, 0, 0, 0, 0, 1, 1, 0, 1, 0],[1, 0, 0, 1, 0, 0, 0, 0, 0, 0, 0, 0],[0, 0, 1, 0, 0, 0, 0, 0, 0, 0, 1, 0],[0, 0, 1, 0, 1, 0, 0, 0, 0, 0, 0, 0],[0, 1, 0, 0, 0, 1, 0, 0, 0, 0, 1, 0],[1, 0, 2, 0, 0, 0, 0, 0, 0, 0, 0, 0],[0, 0, 0, 1, 0, 0, 0, 0, 0, 1, 0, 0],[0, 0, 0, 0, 0, 0, 0, 0, 0, 0, 0, 0],[0, 0, 0, 0, 0, 1, 0, 0, 0, 0, 1, 0],[0, 0, 0, 1, 0, 0, 0, 0, 0, 0, 1, 0],[0, 0, 0, 0, 0, 0, 0, 0, 0, 0, 0, 0],[1, 0, 0, 0, 0, 2, 0, 0, 0, 0, 1, 0],[0, 0, 0, 1, 0, 0, 0, 0, 0, 0, 0, 0],[2, 0, 0, 0, 0, 0, 0, 0, 0, 0, 0, 0],[0, 0, 0, 0, 0, 0, 0, 0, 0, 0, 0, 0],[0, 1, 1, 0, 0, 0, 0, 0, 0, 0, 0, 0],[0, 0, 0, 0, 0, 0, 0, 0, 0, 0, 0, 0],[0, 0, 0, 0, 0, 0, 0, 0, 0, 0, 0, 0],[0, 0, 0, 0, 0, 0, 1, 0, 0, 0, 0, 0],[0, 0, 0, 0, 0, 0, 0, 0, 0, 0, 0, 0],[0, 0, 0, 0, 0, 0, 0, 0, 0, 0, 0, 0],[0, 0, 0, 0, 0, 0, 0, 0, 0, 0, 1, 0],[0, 1, 1, 0, 1, 0, 0, 0, 0, 0, 0, 0],[0, 0, 0, 0, 1, 0, 0, 0, 0, 0, 0, 0],[0, 0, 0, 0, 0, 0, 0, 0, 0, 0, 0, 0],[1, 0, 0, 0, 0, 0, 0, 0, 0, 0, 0, 0],[0, 0, 0, 0, 0, 0, 0, 0, 0, 0, 0, 0],[0, 0, 0, 0, 0, 0, 0, 0, 0, 0, 0, 0],[0, 0, 0, 0, 0, 0, 0, 0, 0, 0, 0, 0],[0, 0, 0, 0, 0, 0, 0, 0, 0, 0, 0, 0],[1, 0, 0, 0, 0, 0, 0, 0, 0, 0, 0, 1],[0, 0, 0, 0, 0, 0, 0, 0, 0, 0, 0, 0],[0, 0, 0, 0, 0, 0, 0, 0, 0, 0, 0, 0],[1, 0, 1, 0, 1, 0, 0, 0, 0, 0, 0, 0],[0, 0, 0, 0, 0, 0, 0, 0, 0, 0, 0, 1],[1, 0, 0, 0, 0, 0, 0, 1, 0, 0, 0, 0],[0, 0, 0, 0, 0, 0, 0, 0, 0, 0, 1, 0],[1, 0, 0, 0, 0, 0, 0, 0, 0, 0, 0, 0],[0, 0, 0, 0, 0, 0, 0, 0, 0, 0, 1, 0],[0, 0, 0, 0, 1, 2, 0, 0, 0, 0, 0, 0],[0, 0, 0, 0, 0, 0, 0, 0, 0, 0, 0, 0],[0, 0, 0, 0, 0, 0, 0, 1, 0, 0, 0, 0],[0, 1, 0, 0, 0, 1, 0, 0, 0, 0, 0, 0],[0, 0, 0, 0, 2, 0, 0, 0, 0, 0, 0, 0],[0, 0, 0, 0, 0, 0, 0, 0, 0, 0, 0, 0],[0, 0, 0, 0, 0, 1, 0, 0, 0, 0, 0, 0],[0, 1, 0, 0, 0, 0, 0, 0, 0, 0, 0, 0],[0, 0, 0, 0, 0, 0, 0, 0, 0, 0, 0, 0],[0, 0, 0, 0, 0, 0, 0, 0, 0, 0, 0, 0],[0, 0, 0, 0, 0, 0, 0, 0, 0, 0, 0, 0],[0, 0, 0, 0, 0, 0, 0, 0, 0, 0, 0, 0],[0, 0, 0, 1, 0, 0, 0, 0, 0, 0, 0, 0],[0, 0, 0, 0, 0, 0, 2, 0, 0, 0, 0, 0],[0, 0, 0, 0, 0, 0, 0, 0, 0, 0, 0, 0],[0, 0, 0, 0, 0, 0, 0, 0, 0, 0, 0, 0],[0, 0, 0, 0, 1, 0, 0, 0, 0, 0, 0, 0],[0, 0, 0, 0, 0, 0, 0, 0, 0, 0, 0, 0],[0, 0, 1, 0, 0, 0, 0, 0, 0, 1, 0, 0],[0, 0, 0, 0, 0, 0, 0, 0, 0, 0, 0, 0],[1, 0, 0, 0, 0, 0, 0, 0, 0, 0, 0, 0],[0, 0, 0, 0, 0, 0, 0, 0, 0, 0, 1, 0],[1, 0, 0, 0, 0, 0, 0, 0, 0, 0, 0, 0],[0, 0, 0, 0, 0, 0, 0, 0, 0, 0, 0, 0],[0, 0, 0, 0, 0, 0, 0, 0, 0, 0, 0, 0],[0, 0, 0, 0, 0, 0, 0, 0, 0, 0, 0, 0],[0, 0, 0, 0, 0, 0, 0, 0, 0, 0, 0, 0],[0, 0, 0, 0, 0, 0, 0, 0, 0, 0, 0, 0],[0, 0, 0, 0, 0, 0, 0, 0, 0, 0, 0, 0],[0, 0, 0, 0, 0, 0, 0, 0, 0, 0, 0, 0],[0, 0, 0, 0, 0, 0, 0, 0, 0, 0, 0, 0],[0, 0, 0, 0, 0, 0, 0, 0, 0, 0, 0, 0],[0, 0, 0, 0, 0, 0, 0, 0, 0, 0, 0, 0],[0, 0, 0, 0, 0, 0, 0, 0, 0, 0, 0, 0],[0, 0, 0, 0, 0, 0, 0, 0, 0, 0, 0, 0],[0, 0, 0, 0, 0, 0, 0, 0, 0, 0, 0, 0],[0, 0, 0, 0, 0, 0, 0, 0, 0, 0, 0, 0],[0, 0, 0, 0, 0, 0, 0, 0, 0, 0, 0, 0],[0, 0, 0, 0, 0, 0, 0, 0, 0, 0, 0, 0],[0, 0, 0, 0, 0, 0, 0, 0, 0, 0, 0, 0],[0, 0, 0, 0, 0, 0, 0, 0, 0, 0, 0, 0],[0, 0, 0, 0, 0, 0, 0, 0, 0, 0, 0, 0],[0, 0, 0, 0, 0, 0, 0, 0, 0, 0, 0, 0],[0, 0, 0, 0, 0, 0, 0, 0, 0, 0, 0, 0],[0, 0, 0, 0, 0, 0, 0, 0, 0, 0, 0, 0],[0, 0, 0, 0, 0, 0, 0, 0, 0, 0, 0, 0],[0, 0, 0, 0, 0, 0, 0, 0, 0, 0, 0, 0],[0, 0, 0, 0, 0, 0, 0, 0, 0, 0, 0, 0],[0, 0, 0, 0, 0, 0, 0, 0, 0, 0, 0, 0],[0, 0, 0, 0, 0, 0, 0, 0, 0, 0, 0, 0],[0, 0, 0, 0, 0, 0, 0, 0, 0, 0, 0, 0],[0, 0, 0, 0, 0, 0, 0, 0, 0, 0, 0, 0],[0, 0, 0, 0, 0, 0, 0, 0, 0, 0, 0, 0],[0, 0, 0, 0, 0, 0, 0, 0, 0, 0, 0, 0],[0, 0, 0, 0, 0, 0, 0, 0, 0, 0, 0, 0],[0, 0, 0, 0, 0, 0, 0, 0, 0, 0, 0, 0],[0, 0, 0, 0, 0, 0, 0, 0, 0, 0, 0, 0],[0, 0, 0, 0, 0, 0, 0, 0, 0, 0, 0, 0],[0, 0, 0, 0, 0, 0, 0, 0, 0, 0, 0, 0],[0, 0, 0, 0, 0, 0, 0, 0, 0, 0, 0, 0],[0, 0, 0, 0, 0, 0, 0, 0, 0, 0, 0, 0],[0, 0, 0, 0, 0, 0, 0, 0, 0, 0, 0, 0],[0, 0, 0, 0, 0, 0, 0, 0, 0, 0, 0, 0],[0, 0, 0, 0, 0, 0, 0, 0, 0, 0, 0, 0],[0, 0, 0, 0, 0, 0, 0, 0, 0, 0, 0, 0],[0, 0, 0, 0, 0, 0, 0, 0, 0, 0, 0, 0],[0, 0, 0, 0, 0, 0, 0, 0, 0, 0, 0, 0],[0, 0, 0, 0, 0, 0, 0, 0, 0, 0, 0, 0],[0, 0, 0, 0, 0, 0, 0, 0, 0, 0, 0, 0],[0, 0, 0, 0, 0, 0, 0, 0, 0, 0, 0, 0],[0, 0, 0, 0, 0, 0, 0, 0, 0, 0, 0, 0],[0, 0, 0, 0, 0, 0, 0, 0, 0, 0, 0, 0],[0, 0, 0, 0, 0, 0, 0, 0, 0, 0, 0, 0]
]', 15, 1),
(18, 29, 1, '[[0, 0, 0, 0, 2, 1, 0, 0, 0, 0, 0, 0],[0, 1, 0, 0, 1, 0, 0, 0, 1, 0, 0, 1],[1, 0, 0, 0, 0, 0, 0, 0, 0, 0, 0, 0],[1, 2, 1, 0, 1, 0, 2, 0, 0, 0, 1, 0],[0, 0, 0, 0, 0, 0, 0, 0, 0, 0, 0, 0],[0, 0, 0, 0, 0, 0, 4, 0, 1, 2, 0, 1],[0, 1, 0, 0, 0, 0, 0, 0, 1, 0, 0, 0],[1, 0, 0, 0, 0, 0, 1, 0, 0, 1, 0, 0],[0, 0, 0, 0, 0, 0, 0, 1, 1, 0, 0, 0],[0, 0, 0, 1, 0, 0, 1, 0, 0, 1, 0, 1],[0, 0, 0, 1, 0, 0, 0, 1, 0, 0, 1, 1],[0, 0, 0, 0, 0, 0, 0, 0, 0, 0, 0, 0],[1, 0, 1, 0, 0, 0, 0, 0, 0, 0, 1, 0],[0, 1, 0, 0, 1, 0, 1, 0, 0, 0, 0, 0],[0, 0, 0, 0, 0, 0, 0, 0, 0, 0, 0, 0],[0, 0, 1, 1, 0, 0, 0, 0, 0, 1, 0, 0],[0, 0, 2, 0, 1, 0, 0, 0, 0, 0, 0, 0],[0, 0, 1, 0, 0, 0, 0, 0, 2, 1, 0, 1],[0, 0, 0, 0, 0, 0, 0, 1, 1, 0, 1, 0],[1, 0, 0, 1, 0, 0, 0, 0, 0, 0, 0, 0],[0, 0, 1, 0, 0, 0, 0, 0, 0, 0, 1, 0],[0, 0, 1, 0, 1, 0, 0, 0, 0, 0, 0, 0],[0, 1, 0, 0, 0, 1, 0, 0, 0, 0, 1, 0],[1, 0, 2, 0, 0, 0, 0, 0, 0, 0, 0, 0],[0, 0, 0, 1, 0, 0, 0, 0, 0, 1, 0, 0],[0, 0, 0, 0, 0, 0, 0, 0, 0, 0, 0, 0],[0, 0, 0, 0, 0, 1, 0, 0, 0, 0, 1, 0],[0, 0, 0, 1, 0, 0, 0, 0, 0, 0, 1, 0],[0, 0, 0, 0, 0, 0, 0, 0, 0, 0, 0, 0],[1, 0, 0, 0, 0, 2, 0, 0, 0, 0, 1, 0],[0, 0, 0, 1, 0, 0, 0, 0, 0, 0, 0, 0],[2, 0, 0, 0, 0, 0, 0, 0, 0, 0, 0, 0],[0, 0, 0, 0, 0, 0, 0, 0, 0, 0, 1, 0],[0, 1, 1, 0, 0, 0, 0, 0, 0, 0, 0, 0],[0, 0, 0, 0, 0, 0, 0, 0, 0, 0, 0, 0],[0, 0, 0, 0, 0, 0, 0, 0, 0, 0, 0, 0],[0, 0, 0, 0, 0, 0, 1, 0, 0, 0, 0, 0],[0, 0, 0, 0, 0, 0, 0, 0, 0, 0, 0, 0],[0, 0, 0, 0, 0, 0, 0, 0, 0, 0, 0, 0],[0, 0, 0, 0, 0, 0, 0, 0, 0, 0, 1, 0],[0, 1, 1, 0, 1, 0, 0, 0, 0, 0, 0, 0],[0, 0, 0, 0, 1, 0, 0, 0, 0, 0, 0, 0],[0, 0, 0, 0, 0, 0, 0, 0, 0, 0, 0, 0],[1, 0, 0, 0, 0, 0, 0, 0, 0, 0, 0, 0],[0, 0, 0, 0, 0, 0, 0, 0, 0, 0, 0, 0],[0, 0, 0, 0, 0, 0, 0, 0, 0, 0, 0, 0],[0, 0, 0, 0, 0, 0, 0, 0, 0, 0, 0, 0],[0, 0, 0, 0, 0, 0, 0, 0, 0, 0, 0, 0],[1, 0, 0, 0, 0, 0, 0, 0, 0, 0, 0, 1],[0, 0, 0, 0, 0, 0, 0, 0, 0, 0, 0, 0],[0, 0, 0, 0, 0, 0, 0, 0, 0, 0, 0, 0],[1, 0, 1, 0, 1, 0, 0, 0, 0, 0, 0, 0],[0, 1, 0, 0, 0, 0, 0, 0, 0, 0, 0, 1],[1, 0, 0, 0, 0, 0, 0, 1, 0, 0, 0, 0],[0, 0, 0, 0, 0, 0, 0, 0, 0, 0, 1, 0],[1, 0, 0, 0, 0, 0, 0, 1, 0, 0, 0, 0],[0, 0, 0, 0, 0, 0, 0, 0, 0, 0, 1, 0],[0, 0, 0, 0, 1, 2, 0, 0, 0, 0, 0, 0],[0, 0, 0, 0, 0, 0, 0, 0, 0, 0, 0, 0],[0, 0, 0, 0, 0, 0, 0, 1, 0, 0, 0, 0],[0, 1, 0, 0, 0, 1, 0, 0, 0, 0, 0, 0],[0, 0, 0, 0, 2, 0, 0, 0, 0, 0, 0, 0],[0, 0, 0, 0, 0, 0, 0, 0, 0, 0, 0, 0],[0, 0, 0, 0, 0, 1, 0, 0, 0, 0, 0, 0],[0, 1, 0, 0, 0, 0, 0, 0, 0, 0, 0, 0],[0, 0, 0, 0, 0, 0, 0, 0, 0, 0, 0, 0],[0, 0, 0, 0, 0, 0, 0, 0, 0, 0, 0, 0],[0, 0, 0, 0, 0, 0, 0, 0, 0, 0, 0, 0],[0, 0, 0, 0, 0, 0, 0, 0, 0, 0, 0, 0],[0, 0, 0, 1, 0, 0, 0, 0, 0, 0, 0, 0],[0, 0, 0, 0, 0, 0, 2, 0, 0, 0, 0, 1],[0, 0, 0, 0, 0, 0, 0, 0, 0, 0, 0, 0],[0, 0, 0, 0, 0, 0, 0, 0, 0, 0, 0, 0],[0, 0, 0, 0, 1, 0, 0, 0, 0, 0, 0, 0],[0, 0, 0, 0, 0, 0, 0, 0, 0, 0, 0, 0],[0, 0, 1, 0, 0, 0, 0, 0, 0, 1, 0, 0],[0, 0, 0, 0, 0, 0, 0, 0, 0, 0, 0, 0],[1, 0, 0, 0, 0, 0, 0, 0, 0, 1, 0, 0],[0, 0, 0, 0, 0, 0, 0, 0, 0, 0, 1, 0],[1, 0, 0, 0, 0, 0, 0, 0, 0, 0, 0, 0],[0, 0, 0, 0, 0, 0, 0, 0, 0, 0, 0, 0],[0, 0, 0, 0, 0, 0, 0, 0, 0, 0, 0, 0],[0, 0, 0, 0, 0, 0, 0, 0, 0, 0, 0, 0],[0, 0, 0, 0, 0, 0, 0, 0, 0, 0, 0, 0],[0, 0, 0, 0, 0, 0, 0, 0, 0, 0, 0, 0],[0, 0, 0, 0, 0, 0, 0, 0, 0, 0, 0, 0],[0, 0, 0, 0, 0, 0, 0, 0, 0, 0, 0, 0],[0, 0, 0, 0, 0, 0, 0, 0, 0, 0, 0, 0],[0, 0, 0, 0, 0, 0, 0, 0, 0, 0, 0, 0],[0, 0, 0, 0, 0, 0, 0, 0, 0, 0, 0, 0],[0, 0, 0, 0, 0, 0, 0, 0, 0, 0, 0, 0],[0, 0, 0, 0, 0, 0, 0, 0, 0, 0, 0, 0],[0, 0, 0, 0, 0, 0, 0, 0, 0, 0, 0, 0],[0, 0, 0, 0, 0, 0, 0, 0, 0, 0, 0, 0],[0, 0, 0, 0, 0, 0, 0, 0, 0, 0, 0, 0],[0, 0, 0, 0, 0, 0, 0, 0, 0, 0, 0, 0],[0, 0, 0, 0, 0, 0, 0, 0, 0, 0, 0, 0],[0, 0, 0, 0, 0, 0, 0, 0, 0, 0, 0, 0],[0, 0, 0, 0, 0, 0, 0, 0, 0, 0, 0, 0],[0, 0, 0, 0, 0, 0, 0, 0, 0, 0, 0, 0],[0, 0, 0, 0, 0, 0, 0, 0, 0, 0, 0, 0],[0, 0, 0, 0, 0, 0, 0, 0, 0, 0, 0, 0],[0, 0, 0, 0, 0, 0, 0, 0, 0, 0, 0, 0],[0, 0, 0, 0, 0, 0, 0, 0, 0, 0, 0, 0],[0, 0, 0, 0, 0, 0, 0, 0, 0, 0, 0, 0],[0, 0, 0, 0, 0, 0, 0, 0, 0, 0, 0, 0],[0, 0, 0, 0, 0, 0, 0, 0, 0, 0, 0, 0],[0, 0, 0, 0, 0, 0, 0, 0, 0, 0, 0, 0],[0, 0, 0, 0, 0, 0, 0, 0, 0, 0, 0, 0],[0, 0, 0, 0, 0, 0, 0, 0, 0, 0, 0, 0],[0, 0, 0, 0, 0, 0, 0, 0, 0, 0, 0, 0],[0, 0, 0, 0, 0, 0, 0, 0, 0, 0, 0, 0],[0, 0, 0, 0, 0, 0, 0, 0, 0, 0, 0, 0],[0, 0, 0, 0, 0, 0, 0, 0, 0, 0, 0, 0],[0, 0, 0, 0, 0, 0, 0, 0, 0, 0, 0, 0],[0, 0, 0, 0, 0, 0, 0, 0, 0, 0, 0, 0],[0, 0, 0, 0, 0, 0, 0, 0, 0, 0, 0, 0],[0, 0, 0, 0, 0, 0, 0, 0, 0, 0, 0, 0],[0, 0, 0, 0, 0, 0, 0, 0, 0, 0, 0, 0],[0, 0, 0, 0, 0, 0, 0, 0, 0, 0, 0, 0],[0, 0, 0, 0, 0, 0, 0, 0, 0, 0, 0, 0],[0, 0, 0, 0, 0, 0, 0, 0, 0, 0, 0, 0],[0, 0, 0, 0, 0, 0, 0, 0, 0, 0, 0, 0],[0, 0, 0, 0, 0, 0, 0, 0, 0, 0, 0, 0],[0, 0, 0, 0, 0, 0, 0, 0, 0, 0, 0, 0],[0, 0, 0, 0, 0, 0, 0, 0, 0, 0, 0, 0],[0, 0, 0, 0, 0, 0, 0, 0, 0, 0, 0, 0],[0, 0, 0, 0, 0, 0, 0, 0, 0, 0, 0, 0],[0, 0, 0, 0, 0, 0, 0, 0, 0, 0, 0, 0],[0, 0, 0, 0, 0, 0, 0, 0, 0, 0, 0, 0]
]', 16, 1),
(19, 29, 1, '[[0, 0, 0, 0, 2, 1, 0, 0, 0, 0, 0, 0],[0, 1, 0, 0, 1, 0, 0, 0, 1, 0, 0, 1],[1, 0, 0, 0, 0, 0, 0, 0, 0, 0, 0, 0],[1, 2, 1, 0, 1, 0, 2, 0, 0, 0, 1, 0],[0, 0, 0, 0, 0, 0, 0, 0, 0, 0, 0, 0],[0, 0, 0, 0, 0, 0, 4, 0, 1, 2, 0, 1],[0, 1, 0, 0, 0, 0, 0, 0, 1, 0, 0, 0],[1, 0, 0, 0, 0, 0, 1, 0, 0, 1, 0, 0],[0, 0, 0, 0, 0, 0, 0, 1, 1, 0, 0, 0],[0, 0, 0, 1, 0, 0, 1, 0, 0, 1, 0, 1],[0, 0, 0, 1, 0, 0, 0, 1, 0, 0, 1, 1],[0, 0, 0, 0, 0, 0, 0, 0, 0, 0, 0, 0],[1, 0, 1, 0, 0, 0, 0, 0, 0, 0, 1, 0],[1, 1, 0, 0, 1, 0, 1, 0, 0, 0, 0, 0],[0, 0, 0, 0, 0, 0, 0, 0, 0, 0, 0, 0],[0, 0, 1, 1, 0, 0, 0, 0, 0, 1, 0, 0],[0, 0, 2, 0, 1, 0, 0, 0, 0, 0, 0, 0],[0, 0, 1, 0, 0, 0, 0, 0, 2, 1, 0, 1],[0, 0, 0, 0, 0, 0, 0, 1, 1, 0, 1, 0],[1, 0, 0, 1, 0, 0, 0, 0, 1, 0, 0, 0],[0, 0, 1, 0, 0, 0, 0, 0, 0, 0, 1, 0],[0, 0, 1, 0, 1, 0, 0, 0, 0, 0, 1, 0],[0, 1, 0, 0, 0, 1, 0, 0, 0, 0, 1, 0],[1, 0, 2, 0, 0, 1, 0, 0, 0, 0, 0, 0],[0, 0, 0, 1, 0, 0, 0, 0, 0, 1, 0, 0],[0, 0, 0, 0, 0, 0, 0, 0, 0, 0, 0, 0],[0, 0, 0, 0, 0, 1, 0, 0, 0, 0, 1, 0],[0, 0, 0, 1, 0, 0, 0, 0, 0, 0, 1, 0],[0, 0, 0, 0, 0, 0, 0, 0, 0, 0, 0, 0],[1, 0, 0, 0, 0, 2, 0, 0, 0, 0, 1, 0],[0, 0, 0, 1, 0, 0, 0, 0, 0, 0, 0, 0],[2, 0, 0, 0, 0, 0, 0, 0, 0, 0, 0, 0],[0, 0, 0, 0, 0, 0, 0, 0, 0, 0, 1, 0],[0, 1, 1, 0, 0, 0, 0, 0, 0, 0, 0, 0],[0, 0, 0, 0, 0, 0, 0, 0, 0, 0, 0, 0],[0, 0, 0, 0, 0, 0, 0, 0, 0, 0, 0, 0],[0, 0, 0, 0, 0, 0, 1, 0, 0, 0, 0, 0],[0, 0, 0, 0, 0, 0, 0, 0, 0, 0, 0, 0],[0, 0, 0, 0, 0, 0, 0, 0, 0, 0, 0, 0],[0, 0, 0, 0, 0, 0, 0, 0, 0, 0, 1, 0],[0, 1, 1, 0, 1, 0, 0, 0, 0, 0, 0, 0],[0, 0, 0, 0, 1, 0, 0, 0, 0, 0, 0, 0],[0, 0, 0, 0, 0, 0, 0, 0, 0, 0, 0, 0],[1, 0, 0, 0, 0, 0, 0, 0, 0, 0, 0, 0],[0, 0, 0, 0, 0, 0, 0, 0, 1, 0, 0, 0],[0, 0, 0, 0, 0, 0, 0, 0, 0, 0, 0, 0],[0, 0, 0, 0, 0, 0, 0, 0, 0, 0, 0, 0],[0, 0, 0, 0, 0, 0, 0, 0, 0, 0, 0, 0],[1, 0, 0, 0, 0, 0, 0, 0, 0, 0, 0, 1],[0, 0, 0, 0, 0, 0, 0, 0, 0, 0, 0, 0],[0, 0, 0, 0, 0, 0, 0, 0, 0, 0, 0, 0],[1, 0, 1, 0, 1, 0, 0, 0, 0, 0, 0, 0],[0, 1, 0, 0, 0, 0, 0, 0, 0, 0, 0, 1],[1, 0, 0, 0, 0, 0, 0, 1, 0, 0, 0, 0],[0, 0, 0, 0, 0, 0, 0, 0, 0, 0, 1, 0],[1, 0, 0, 0, 0, 0, 0, 1, 0, 0, 0, 0],[0, 0, 0, 0, 0, 0, 0, 0, 0, 0, 1, 0],[0, 0, 0, 0, 1, 2, 0, 0, 0, 0, 0, 0],[0, 0, 0, 0, 0, 0, 0, 0, 0, 0, 0, 0],[0, 0, 0, 0, 0, 0, 0, 1, 0, 0, 0, 0],[0, 1, 0, 0, 0, 1, 0, 0, 0, 0, 0, 0],[0, 0, 0, 0, 2, 0, 0, 0, 0, 0, 0, 0],[0, 0, 0, 0, 0, 0, 0, 0, 0, 0, 0, 0],[0, 0, 0, 0, 0, 1, 0, 0, 0, 0, 0, 0],[0, 1, 0, 0, 0, 0, 0, 0, 0, 0, 0, 0],[0, 0, 0, 0, 0, 0, 0, 0, 0, 0, 0, 0],[0, 0, 0, 0, 0, 0, 0, 0, 0, 0, 0, 0],[0, 0, 0, 0, 0, 0, 0, 0, 0, 0, 0, 0],[0, 0, 0, 0, 0, 0, 0, 0, 0, 0, 0, 0],[0, 0, 0, 1, 0, 0, 0, 0, 0, 0, 0, 0],[0, 0, 0, 0, 0, 0, 2, 0, 0, 0, 0, 1],[0, 0, 0, 0, 0, 0, 0, 0, 0, 0, 0, 0],[0, 0, 0, 0, 0, 0, 0, 0, 0, 0, 0, 0],[0, 0, 0, 0, 1, 0, 0, 0, 0, 0, 0, 0],[0, 0, 0, 0, 0, 0, 0, 0, 0, 0, 0, 0],[0, 0, 1, 0, 0, 0, 0, 0, 0, 1, 0, 0],[0, 0, 0, 0, 0, 0, 0, 0, 0, 0, 0, 0],[1, 0, 0, 0, 0, 0, 0, 0, 0, 1, 0, 0],[0, 0, 0, 0, 0, 0, 0, 0, 0, 0, 1, 0],[1, 0, 0, 0, 0, 0, 0, 0, 0, 0, 0, 0],[0, 0, 0, 0, 0, 0, 0, 0, 0, 0, 0, 0],[0, 0, 0, 0, 0, 0, 0, 0, 0, 0, 0, 0],[0, 0, 0, 0, 0, 0, 0, 0, 0, 0, 0, 0],[0, 0, 0, 0, 0, 0, 0, 0, 0, 0, 0, 0],[0, 0, 0, 0, 0, 0, 0, 0, 0, 0, 0, 0],[0, 0, 0, 0, 0, 0, 0, 0, 0, 0, 0, 0],[0, 0, 0, 0, 0, 0, 0, 0, 0, 0, 0, 0],[0, 0, 0, 0, 0, 0, 0, 0, 0, 0, 0, 0],[0, 0, 0, 0, 0, 0, 0, 0, 0, 0, 0, 0],[0, 0, 0, 0, 0, 0, 0, 0, 0, 0, 0, 0],[0, 0, 0, 0, 0, 0, 0, 0, 0, 0, 0, 0],[0, 0, 0, 0, 0, 0, 0, 0, 0, 0, 0, 0],[0, 0, 0, 0, 0, 0, 0, 0, 0, 0, 0, 0],[0, 0, 0, 0, 0, 0, 0, 0, 0, 0, 0, 0],[0, 0, 0, 0, 0, 0, 0, 0, 0, 0, 0, 0],[0, 0, 0, 0, 0, 0, 0, 0, 0, 0, 0, 0],[0, 0, 0, 0, 0, 0, 0, 0, 0, 0, 0, 0],[0, 0, 0, 0, 0, 0, 0, 0, 0, 0, 0, 0],[0, 0, 0, 0, 0, 0, 0, 0, 0, 0, 0, 0],[0, 0, 0, 0, 0, 0, 0, 0, 0, 0, 0, 0],[0, 0, 0, 0, 0, 0, 0, 0, 0, 0, 0, 0],[0, 0, 0, 0, 0, 0, 0, 0, 0, 0, 0, 0],[0, 0, 0, 0, 0, 0, 0, 0, 0, 0, 0, 0],[0, 0, 0, 0, 0, 0, 0, 0, 0, 0, 0, 0],[0, 0, 0, 0, 0, 0, 0, 0, 0, 0, 0, 0],[0, 0, 0, 0, 0, 0, 0, 0, 0, 0, 0, 0],[0, 0, 0, 0, 0, 0, 0, 0, 0, 0, 0, 0],[0, 0, 0, 0, 0, 0, 0, 0, 0, 0, 0, 0],[0, 0, 0, 0, 0, 0, 0, 0, 0, 0, 0, 0],[0, 0, 0, 0, 0, 0, 0, 0, 0, 0, 0, 0],[0, 0, 0, 0, 0, 0, 0, 0, 0, 0, 0, 0],[0, 0, 0, 0, 0, 0, 0, 0, 0, 0, 0, 0],[0, 0, 0, 0, 0, 0, 0, 0, 0, 0, 0, 0],[0, 0, 0, 0, 0, 0, 0, 0, 0, 0, 0, 0],[0, 0, 0, 0, 0, 0, 0, 0, 0, 0, 0, 0],[0, 0, 0, 0, 0, 0, 0, 0, 0, 0, 0, 0],[0, 0, 0, 0, 0, 0, 0, 0, 0, 0, 0, 0],[0, 0, 0, 0, 0, 0, 0, 0, 0, 0, 0, 0],[0, 0, 0, 0, 0, 0, 0, 0, 0, 0, 0, 0],[0, 0, 0, 0, 0, 0, 0, 0, 0, 0, 0, 0],[0, 0, 0, 0, 0, 0, 0, 0, 0, 0, 0, 0],[0, 0, 0, 0, 0, 0, 0, 0, 0, 0, 0, 0],[0, 0, 0, 0, 0, 0, 0, 0, 0, 0, 0, 0],[0, 0, 0, 0, 0, 0, 0, 0, 0, 0, 0, 0],[0, 0, 0, 0, 0, 0, 0, 0, 0, 0, 0, 0],[0, 0, 0, 0, 0, 0, 0, 0, 0, 0, 0, 0],[0, 0, 0, 0, 0, 0, 0, 0, 0, 0, 0, 0],[0, 0, 0, 0, 0, 0, 0, 0, 0, 0, 0, 0],[0, 0, 0, 0, 0, 0, 0, 0, 0, 0, 0, 0],[0, 0, 0, 0, 0, 0, 0, 0, 0, 0, 0, 0]
]', 17, 1),
(20, 29, 1, '[[0, 0, 0, 0, 2, 1, 0, 0, 0, 0, 0, 0],[0, 1, 0, 0, 1, 0, 0, 0, 0, 0, 0, 1],[1, 0, 0, 0, 0, 0, 0, 0, 0, 0, 0, 0],[1, 2, 1, 0, 1, 0, 2, 0, 0, 0, 0, 0],[0, 0, 0, 0, 0, 0, 0, 0, 0, 0, 0, 0],[0, 0, 0, 0, 0, 0, 4, 0, 1, 2, 0, 1],[0, 1, 0, 0, 0, 0, 0, 0, 1, 0, 0, 0],[1, 0, 0, 0, 0, 0, 1, 0, 0, 1, 0, 0],[0, 0, 0, 0, 0, 0, 0, 1, 0, 0, 0, 0],[0, 0, 0, 1, 0, 0, 1, 0, 0, 1, 0, 1],[0, 0, 0, 1, 0, 0, 0, 1, 0, 0, 0, 1],[0, 0, 0, 0, 0, 0, 0, 0, 0, 0, 0, 0],[1, 0, 1, 0, 0, 0, 0, 0, 0, 0, 1, 0],[1, 1, 0, 0, 0, 0, 0, 0, 0, 0, 0, 0],[0, 0, 0, 0, 0, 0, 0, 0, 0, 0, 0, 0],[0, 0, 1, 1, 0, 0, 0, 0, 0, 1, 0, 0],[0, 0, 2, 0, 1, 0, 0, 0, 0, 0, 0, 0],[0, 0, 0, 0, 0, 0, 0, 0, 1, 0, 0, 1],[0, 0, 0, 0, 0, 0, 0, 1, 1, 0, 1, 0],[1, 0, 0, 0, 0, 0, 0, 0, 1, 0, 0, 0],[0, 0, 1, 0, 0, 0, 0, 0, 0, 0, 0, 0],[0, 0, 1, 0, 0, 0, 0, 0, 0, 0, 1, 0],[0, 1, 0, 0, 0, 1, 0, 0, 0, 0, 1, 0],[0, 0, 2, 0, 0, 1, 0, 0, 0, 0, 0, 0],[0, 0, 0, 1, 0, 0, 0, 0, 0, 1, 0, 0],[0, 0, 0, 0, 0, 0, 0, 0, 0, 0, 0, 0],[0, 0, 0, 0, 0, 1, 0, 0, 0, 0, 1, 0],[0, 0, 0, 1, 0, 0, 0, 0, 0, 0, 1, 0],[0, 0, 0, 0, 0, 0, 0, 0, 0, 0, 0, 0],[1, 0, 0, 0, 0, 2, 0, 0, 0, 0, 0, 0],[0, 0, 0, 1, 0, 0, 0, 0, 0, 0, 0, 0],[2, 0, 0, 0, 0, 0, 0, 0, 0, 0, 0, 0],[0, 0, 0, 0, 0, 0, 0, 0, 0, 0, 1, 0],[0, 1, 1, 0, 0, 0, 0, 0, 0, 0, 0, 0],[0, 0, 0, 0, 0, 0, 0, 0, 0, 0, 0, 0],[0, 0, 0, 0, 0, 0, 0, 0, 0, 0, 0, 0],[0, 0, 0, 0, 0, 0, 1, 0, 0, 0, 0, 0],[0, 0, 0, 0, 0, 0, 0, 0, 0, 0, 0, 0],[0, 0, 0, 0, 0, 0, 0, 0, 0, 0, 0, 0],[0, 0, 0, 0, 0, 0, 0, 0, 0, 0, 1, 0],[0, 1, 1, 0, 1, 0, 0, 0, 0, 0, 0, 0],[0, 0, 0, 0, 1, 0, 0, 0, 0, 0, 0, 0],[0, 0, 0, 0, 0, 0, 0, 0, 0, 0, 0, 0],[1, 0, 0, 0, 0, 0, 0, 0, 0, 0, 0, 0],[0, 0, 0, 0, 0, 0, 0, 0, 1, 0, 0, 0],[0, 0, 0, 0, 0, 0, 0, 0, 0, 0, 0, 0],[0, 0, 0, 0, 0, 0, 0, 0, 0, 0, 0, 0],[0, 0, 0, 0, 0, 0, 0, 0, 0, 0, 0, 0],[1, 0, 0, 0, 0, 0, 0, 0, 0, 0, 0, 1],[0, 0, 0, 0, 0, 0, 0, 0, 0, 0, 0, 0],[0, 0, 0, 0, 0, 0, 0, 0, 0, 0, 0, 0],[1, 0, 1, 0, 1, 0, 0, 0, 0, 0, 0, 0],[0, 1, 0, 0, 0, 0, 0, 0, 0, 0, 0, 1],[1, 0, 0, 0, 0, 0, 0, 1, 0, 0, 0, 0],[0, 0, 0, 0, 0, 0, 0, 0, 0, 0, 0, 0],[1, 0, 0, 0, 0, 0, 0, 1, 0, 0, 0, 0],[0, 0, 0, 0, 0, 0, 0, 0, 0, 0, 0, 0],[0, 0, 0, 0, 1, 1, 0, 0, 0, 0, 0, 0],[0, 0, 0, 0, 0, 0, 0, 0, 0, 0, 0, 0],[0, 0, 0, 0, 0, 0, 0, 1, 0, 0, 0, 0],[0, 1, 0, 0, 0, 1, 0, 0, 0, 0, 0, 0],[0, 0, 0, 0, 2, 0, 0, 0, 0, 0, 0, 0],[0, 0, 0, 0, 0, 0, 0, 0, 0, 0, 0, 0],[0, 0, 0, 0, 0, 1, 0, 0, 0, 0, 0, 0],[0, 1, 0, 0, 0, 0, 0, 0, 0, 0, 0, 0],[0, 0, 0, 0, 0, 0, 0, 0, 0, 0, 0, 0],[0, 0, 0, 0, 0, 0, 0, 0, 0, 0, 0, 0],[0, 0, 0, 0, 0, 0, 0, 0, 0, 0, 0, 0],[0, 0, 0, 0, 0, 0, 0, 0, 0, 0, 0, 0],[0, 0, 0, 1, 0, 0, 0, 0, 0, 0, 0, 0],[0, 0, 0, 0, 0, 0, 2, 0, 0, 0, 0, 1],[0, 0, 0, 0, 0, 0, 0, 0, 0, 0, 0, 0],[0, 0, 0, 0, 0, 0, 0, 0, 0, 0, 0, 0],[0, 0, 0, 0, 1, 0, 0, 0, 0, 0, 0, 0],[0, 0, 0, 0, 0, 0, 0, 0, 0, 0, 0, 0],[0, 0, 1, 0, 0, 0, 0, 0, 0, 0, 0, 0],[0, 0, 0, 0, 0, 0, 0, 0, 0, 0, 0, 0],[1, 0, 0, 0, 0, 0, 0, 0, 0, 1, 0, 0],[0, 0, 0, 0, 0, 0, 0, 0, 0, 0, 0, 0],[1, 0, 0, 0, 0, 0, 0, 0, 0, 0, 0, 0],[0, 0, 0, 0, 0, 0, 0, 0, 0, 0, 0, 0],[0, 0, 0, 0, 0, 0, 0, 0, 0, 0, 0, 0],[0, 0, 0, 0, 0, 0, 0, 0, 0, 0, 0, 0],[0, 0, 0, 0, 0, 0, 0, 0, 0, 0, 0, 0],[0, 0, 0, 0, 0, 0, 0, 0, 0, 0, 0, 0],[0, 0, 0, 0, 0, 0, 0, 0, 0, 0, 0, 0],[0, 0, 0, 0, 0, 0, 0, 0, 0, 0, 0, 0],[0, 0, 0, 0, 0, 0, 0, 0, 0, 0, 0, 0],[0, 0, 0, 0, 0, 0, 0, 0, 0, 0, 0, 0],[0, 0, 0, 0, 0, 0, 0, 0, 0, 0, 0, 0],[0, 0, 0, 0, 0, 0, 0, 0, 0, 0, 0, 0],[0, 0, 0, 0, 0, 0, 0, 0, 0, 0, 0, 0],[0, 0, 0, 0, 0, 0, 0, 0, 0, 0, 0, 0],[0, 0, 0, 0, 0, 0, 0, 0, 0, 0, 0, 0],[0, 0, 0, 0, 0, 0, 0, 0, 0, 0, 0, 0],[0, 0, 0, 0, 0, 0, 0, 0, 0, 0, 0, 0],[0, 0, 0, 0, 0, 0, 0, 0, 0, 0, 0, 0],[0, 0, 0, 0, 0, 0, 0, 0, 0, 0, 0, 0],[0, 0, 0, 0, 0, 0, 0, 0, 0, 0, 0, 0],[0, 0, 0, 0, 0, 0, 0, 0, 0, 0, 0, 0],[0, 0, 0, 0, 0, 0, 0, 0, 0, 0, 0, 0],[0, 0, 0, 0, 0, 0, 0, 0, 0, 0, 0, 0],[0, 0, 0, 0, 0, 0, 0, 0, 0, 0, 0, 0],[0, 0, 0, 0, 0, 0, 0, 0, 0, 0, 0, 0],[0, 0, 0, 0, 0, 0, 0, 0, 0, 0, 0, 0],[0, 0, 0, 0, 0, 0, 0, 0, 0, 0, 0, 0],[0, 0, 0, 0, 0, 0, 0, 0, 0, 0, 0, 0],[0, 0, 0, 0, 0, 0, 0, 0, 0, 0, 0, 0],[0, 0, 0, 0, 0, 0, 0, 0, 0, 0, 0, 0],[0, 0, 0, 0, 0, 0, 0, 0, 0, 0, 0, 0],[0, 0, 0, 0, 0, 0, 0, 0, 0, 0, 0, 0],[0, 0, 0, 0, 0, 0, 0, 0, 0, 0, 0, 0],[0, 0, 0, 0, 0, 0, 0, 0, 0, 0, 0, 0],[0, 0, 0, 0, 0, 0, 0, 0, 0, 0, 0, 0],[0, 0, 0, 0, 0, 0, 0, 0, 0, 0, 0, 0],[0, 0, 0, 0, 0, 0, 0, 0, 0, 0, 0, 0],[0, 0, 0, 0, 0, 0, 0, 0, 0, 0, 0, 0],[0, 0, 0, 0, 0, 0, 0, 0, 0, 0, 0, 0],[0, 0, 0, 0, 0, 0, 0, 0, 0, 0, 0, 0],[0, 0, 0, 0, 0, 0, 0, 0, 0, 0, 0, 0],[0, 0, 0, 0, 0, 0, 0, 0, 0, 0, 0, 0],[0, 0, 0, 0, 0, 0, 0, 0, 0, 0, 0, 0],[0, 0, 0, 0, 0, 0, 0, 0, 0, 0, 0, 0],[0, 0, 0, 0, 0, 0, 0, 0, 0, 0, 0, 0],[0, 0, 0, 0, 0, 0, 0, 0, 0, 0, 0, 0],[0, 0, 0, 0, 0, 0, 0, 0, 0, 0, 0, 0],[0, 0, 0, 0, 0, 0, 0, 0, 0, 0, 0, 0],[0, 0, 0, 0, 0, 0, 0, 0, 0, 0, 0, 0],[0, 0, 0, 0, 0, 0, 0, 0, 0, 0, 0, 0],[0, 0, 0, 0, 0, 0, 0, 0, 0, 0, 0, 0]
]', 18, 1),
(21, 29, 1, '[[0, 0, 0, 0, 2, 1, 0, 0, 0, 0, 0, 0],[0, 1, 0, 0, 1, 0, 0, 0, 0, 0, 0, 1],[1, 0, 0, 0, 0, 0, 0, 0, 0, 0, 0, 0],[1, 2, 1, 0, 1, 0, 2, 0, 0, 0, 0, 0],[0, 0, 0, 0, 0, 0, 0, 0, 0, 0, 0, 0],[0, 0, 0, 0, 0, 0, 4, 0, 1, 2, 0, 1],[0, 1, 0, 0, 0, 0, 0, 0, 1, 0, 0, 0],[1, 0, 0, 0, 0, 0, 1, 0, 0, 1, 0, 0],[0, 0, 0, 0, 0, 0, 0, 1, 0, 0, 0, 0],[0, 0, 0, 1, 0, 0, 1, 0, 0, 1, 0, 1],[0, 0, 0, 1, 0, 0, 0, 1, 0, 0, 0, 1],[0, 0, 0, 0, 0, 0, 0, 0, 0, 0, 0, 0],[1, 0, 1, 0, 0, 0, 0, 0, 0, 0, 1, 0],[1, 1, 0, 0, 0, 0, 0, 0, 0, 0, 0, 0],[0, 0, 0, 0, 0, 0, 0, 0, 0, 0, 0, 0],[0, 0, 1, 1, 0, 0, 0, 0, 0, 1, 0, 0],[0, 0, 2, 0, 1, 0, 0, 0, 0, 0, 0, 0],[0, 0, 0, 0, 0, 0, 0, 0, 1, 0, 0, 1],[0, 0, 0, 0, 0, 0, 0, 1, 1, 0, 1, 0],[1, 0, 0, 0, 0, 0, 0, 0, 1, 0, 0, 0],[0, 0, 1, 0, 0, 0, 0, 0, 0, 0, 0, 0],[0, 0, 1, 0, 0, 0, 0, 0, 0, 0, 1, 0],[0, 1, 0, 0, 0, 1, 0, 0, 0, 0, 1, 0],[0, 0, 2, 0, 0, 1, 0, 0, 0, 0, 0, 0],[0, 0, 0, 1, 0, 0, 0, 0, 0, 1, 0, 0],[0, 1, 0, 0, 0, 0, 0, 0, 0, 0, 0, 0],[0, 0, 0, 0, 0, 1, 0, 0, 0, 0, 1, 0],[0, 0, 0, 1, 0, 0, 0, 0, 0, 0, 1, 0],[0, 0, 0, 0, 0, 0, 0, 0, 0, 0, 0, 0],[1, 0, 0, 0, 0, 2, 0, 0, 0, 0, 0, 0],[0, 0, 0, 1, 0, 0, 0, 0, 0, 0, 0, 0],[2, 0, 0, 0, 0, 0, 0, 0, 0, 0, 0, 0],[0, 0, 0, 0, 0, 0, 0, 0, 0, 0, 1, 0],[0, 1, 1, 0, 0, 0, 0, 0, 0, 0, 0, 0],[0, 0, 0, 0, 0, 0, 0, 0, 0, 0, 0, 0],[0, 0, 0, 0, 0, 0, 0, 0, 0, 0, 0, 0],[0, 0, 0, 0, 0, 0, 1, 0, 0, 0, 0, 0],[0, 0, 0, 0, 0, 0, 0, 0, 0, 0, 0, 0],[0, 0, 0, 0, 0, 0, 0, 0, 0, 0, 0, 0],[0, 0, 0, 0, 0, 0, 0, 0, 0, 0, 1, 0],[0, 1, 1, 0, 1, 0, 0, 0, 0, 0, 0, 0],[0, 0, 0, 0, 1, 0, 0, 0, 0, 0, 0, 0],[0, 0, 0, 0, 0, 0, 0, 0, 0, 0, 0, 0],[1, 0, 0, 0, 0, 0, 0, 0, 0, 0, 0, 0],[0, 0, 0, 0, 0, 0, 0, 0, 1, 0, 0, 0],[0, 0, 0, 0, 0, 0, 0, 0, 0, 0, 0, 0],[0, 0, 0, 0, 0, 0, 0, 0, 0, 0, 0, 0],[0, 0, 0, 0, 0, 0, 0, 0, 0, 0, 0, 0],[1, 0, 0, 0, 0, 0, 0, 0, 0, 0, 0, 1],[0, 0, 0, 0, 0, 0, 0, 0, 0, 0, 0, 0],[0, 0, 0, 0, 0, 0, 0, 0, 0, 0, 0, 0],[1, 0, 1, 0, 1, 0, 0, 0, 0, 0, 0, 0],[0, 1, 0, 0, 0, 0, 0, 0, 0, 0, 0, 1],[1, 0, 0, 0, 0, 0, 0, 1, 0, 0, 0, 0],[0, 0, 0, 0, 0, 0, 0, 0, 0, 0, 0, 0],[1, 0, 0, 0, 0, 0, 0, 1, 0, 0, 0, 0],[0, 0, 0, 0, 0, 0, 0, 0, 0, 0, 0, 0],[0, 0, 0, 0, 1, 1, 0, 0, 0, 0, 0, 0],[0, 0, 0, 0, 0, 0, 0, 0, 0, 0, 0, 0],[0, 0, 0, 0, 0, 0, 0, 1, 0, 0, 0, 0],[1, 1, 0, 0, 0, 1, 0, 0, 0, 0, 0, 0],[0, 0, 0, 0, 2, 0, 0, 0, 0, 0, 0, 0],[0, 0, 0, 0, 0, 0, 0, 0, 0, 0, 0, 0],[0, 0, 0, 0, 0, 1, 0, 0, 0, 0, 0, 0],[0, 1, 0, 0, 0, 0, 0, 0, 0, 0, 0, 0],[0, 0, 0, 0, 0, 0, 0, 0, 0, 0, 0, 0],[0, 0, 0, 0, 0, 0, 0, 0, 0, 0, 0, 0],[0, 0, 0, 0, 0, 0, 0, 0, 0, 0, 0, 0],[0, 0, 0, 0, 0, 0, 0, 0, 0, 0, 0, 0],[0, 0, 0, 1, 0, 0, 0, 0, 0, 0, 0, 0],[0, 0, 0, 0, 0, 0, 2, 0, 0, 0, 0, 1],[0, 0, 0, 0, 0, 0, 0, 0, 0, 0, 0, 0],[0, 0, 0, 0, 0, 0, 0, 0, 0, 0, 0, 0],[0, 0, 0, 0, 1, 0, 0, 0, 0, 0, 0, 0],[0, 0, 0, 0, 0, 0, 0, 0, 0, 0, 0, 0],[0, 0, 1, 0, 0, 0, 0, 0, 0, 0, 0, 0],[0, 0, 0, 0, 0, 0, 0, 0, 0, 0, 0, 0],[1, 0, 0, 0, 0, 0, 0, 0, 0, 1, 0, 0],[0, 0, 0, 0, 0, 0, 0, 0, 0, 0, 0, 0],[1, 0, 0, 0, 0, 0, 0, 0, 0, 0, 0, 0],[0, 0, 0, 0, 0, 0, 0, 0, 0, 0, 0, 0],[0, 0, 0, 0, 0, 0, 0, 0, 0, 0, 0, 0],[0, 0, 0, 0, 0, 0, 0, 0, 0, 0, 0, 0],[0, 0, 0, 0, 0, 0, 0, 0, 0, 0, 0, 0],[0, 0, 0, 0, 0, 0, 0, 0, 0, 0, 0, 0],[0, 0, 0, 0, 0, 0, 0, 0, 0, 0, 0, 0],[0, 0, 0, 0, 0, 0, 0, 0, 0, 0, 0, 0],[0, 0, 0, 0, 0, 0, 0, 0, 0, 0, 0, 0],[0, 0, 0, 0, 0, 0, 0, 0, 0, 0, 0, 0],[0, 0, 0, 0, 0, 0, 0, 0, 0, 0, 0, 0],[0, 0, 0, 0, 0, 0, 0, 0, 0, 0, 0, 0],[0, 0, 0, 0, 0, 0, 0, 0, 0, 0, 0, 0],[0, 0, 0, 0, 0, 0, 0, 0, 0, 0, 0, 0],[0, 0, 0, 0, 0, 0, 0, 0, 0, 0, 0, 0],[0, 0, 0, 0, 0, 0, 0, 0, 0, 0, 0, 0],[0, 0, 0, 0, 0, 0, 0, 0, 0, 0, 0, 0],[0, 0, 0, 0, 0, 0, 0, 0, 0, 0, 0, 0],[0, 0, 0, 0, 0, 0, 0, 0, 0, 0, 0, 0],[0, 0, 0, 0, 0, 0, 0, 0, 0, 0, 0, 0],[0, 0, 0, 0, 0, 0, 0, 0, 0, 0, 0, 0],[0, 0, 0, 0, 0, 0, 0, 0, 0, 0, 0, 0],[0, 0, 0, 0, 0, 0, 0, 0, 0, 0, 0, 0],[0, 0, 0, 0, 0, 0, 0, 0, 0, 0, 0, 0],[0, 0, 0, 0, 0, 0, 0, 0, 0, 0, 0, 0],[0, 0, 0, 0, 0, 0, 0, 0, 0, 0, 0, 0],[0, 0, 0, 0, 0, 0, 0, 0, 0, 0, 0, 0],[0, 0, 0, 0, 0, 0, 0, 0, 0, 0, 0, 0],[0, 0, 0, 0, 0, 0, 0, 0, 0, 0, 0, 0],[0, 0, 0, 0, 0, 0, 0, 0, 0, 0, 0, 0],[0, 0, 0, 0, 0, 0, 0, 0, 0, 0, 0, 0],[0, 0, 0, 0, 0, 0, 0, 0, 0, 0, 0, 0],[0, 0, 0, 0, 0, 0, 0, 0, 0, 0, 0, 0],[0, 0, 0, 0, 0, 0, 0, 0, 0, 0, 0, 0],[0, 0, 0, 0, 0, 0, 0, 0, 0, 0, 0, 0],[0, 0, 0, 0, 0, 0, 0, 0, 0, 0, 0, 0],[0, 0, 0, 0, 0, 0, 0, 0, 0, 0, 0, 0],[0, 0, 0, 0, 0, 0, 0, 0, 0, 0, 0, 0],[0, 0, 0, 0, 0, 0, 0, 0, 0, 0, 0, 0],[0, 0, 0, 0, 0, 0, 0, 0, 0, 0, 0, 0],[0, 0, 0, 0, 0, 0, 0, 0, 0, 0, 0, 0],[0, 0, 0, 0, 0, 0, 0, 0, 0, 0, 0, 0],[0, 0, 0, 0, 0, 0, 0, 0, 0, 0, 0, 0],[0, 0, 0, 0, 0, 0, 0, 0, 0, 0, 0, 0],[0, 0, 0, 0, 0, 0, 0, 0, 0, 0, 0, 0],[0, 0, 0, 0, 0, 0, 0, 0, 0, 0, 0, 0],[0, 0, 0, 0, 0, 0, 0, 0, 0, 0, 0, 0],[0, 0, 0, 0, 0, 0, 0, 0, 0, 0, 0, 0],[0, 0, 0, 0, 0, 0, 0, 0, 0, 0, 0, 0],[0, 0, 0, 0, 0, 0, 0, 0, 0, 0, 0, 0],[0, 0, 0, 0, 0, 0, 0, 0, 0, 0, 0, 0]
]', 19, 1),
(22, 29, 1, '[[0, 0, 0, 0, 2, 1, 0, 0, 0, 0, 0, 0],[0, 1, 0, 0, 1, 0, 0, 0, 0, 0, 0, 1],[1, 0, 0, 0, 0, 0, 0, 0, 0, 0, 0, 0],[1, 2, 1, 0, 1, 0, 2, 0, 0, 0, 0, 0],[0, 0, 0, 0, 0, 0, 0, 0, 0, 0, 0, 0],[0, 0, 0, 0, 0, 0, 4, 0, 1, 2, 0, 1],[0, 1, 0, 0, 0, 0, 0, 0, 1, 0, 0, 0],[1, 0, 0, 0, 0, 0, 1, 0, 0, 1, 0, 0],[0, 0, 0, 0, 0, 0, 0, 1, 0, 0, 0, 0],[0, 0, 0, 1, 0, 0, 1, 0, 0, 1, 0, 1],[0, 0, 0, 1, 0, 0, 0, 1, 0, 0, 0, 1],[0, 0, 0, 0, 0, 0, 0, 0, 0, 0, 0, 0],[1, 0, 1, 0, 0, 0, 0, 0, 0, 0, 1, 0],[1, 1, 0, 0, 0, 0, 0, 0, 0, 0, 0, 0],[0, 0, 0, 0, 0, 0, 0, 0, 0, 0, 0, 0],[0, 0, 1, 1, 0, 0, 0, 0, 0, 1, 0, 0],[0, 0, 2, 0, 1, 0, 0, 0, 0, 0, 0, 0],[0, 0, 0, 0, 0, 0, 0, 0, 1, 0, 0, 1],[0, 0, 0, 0, 0, 0, 0, 1, 1, 0, 0, 0],[1, 0, 0, 0, 0, 0, 0, 0, 1, 0, 0, 0],[0, 0, 1, 0, 0, 0, 0, 0, 0, 0, 0, 0],[0, 0, 1, 0, 0, 0, 0, 0, 0, 0, 1, 0],[0, 1, 0, 0, 0, 1, 0, 0, 0, 0, 1, 0],[0, 0, 2, 0, 0, 1, 0, 0, 0, 0, 0, 0],[0, 0, 0, 1, 0, 0, 0, 0, 0, 1, 0, 0],[0, 1, 0, 0, 0, 0, 0, 0, 0, 0, 0, 0],[0, 0, 0, 0, 0, 1, 0, 0, 0, 0, 1, 0],[0, 0, 0, 1, 0, 0, 0, 0, 0, 0, 1, 0],[0, 0, 0, 0, 0, 0, 0, 0, 0, 0, 0, 0],[1, 0, 0, 0, 0, 2, 0, 0, 0, 0, 0, 0],[0, 0, 0, 1, 0, 0, 0, 0, 0, 0, 0, 0],[2, 0, 0, 0, 0, 0, 0, 0, 0, 0, 0, 0],[0, 0, 0, 0, 0, 0, 0, 0, 0, 0, 1, 0],[0, 1, 1, 0, 0, 0, 0, 0, 0, 0, 0, 0],[0, 0, 0, 0, 0, 0, 0, 0, 0, 0, 0, 0],[0, 0, 0, 0, 0, 0, 0, 0, 0, 0, 0, 0],[0, 0, 0, 0, 0, 0, 1, 0, 0, 0, 0, 0],[0, 0, 0, 0, 0, 0, 0, 0, 0, 0, 0, 0],[0, 0, 0, 0, 0, 0, 0, 0, 0, 0, 0, 0],[0, 0, 0, 0, 0, 0, 0, 0, 0, 0, 1, 0],[0, 0, 1, 0, 1, 0, 0, 0, 0, 0, 0, 0],[0, 0, 0, 0, 1, 0, 0, 0, 0, 0, 0, 0],[0, 0, 0, 0, 0, 0, 0, 0, 0, 0, 0, 0],[0, 0, 0, 0, 0, 0, 0, 0, 0, 0, 0, 0],[0, 0, 0, 0, 0, 0, 0, 0, 1, 0, 0, 0],[0, 0, 0, 0, 0, 0, 0, 0, 0, 0, 0, 0],[0, 0, 0, 0, 0, 0, 0, 0, 0, 0, 0, 0],[0, 0, 0, 0, 0, 0, 0, 0, 0, 0, 0, 0],[1, 0, 0, 0, 0, 0, 0, 0, 0, 0, 0, 1],[0, 0, 0, 0, 0, 0, 0, 0, 0, 0, 0, 0],[0, 0, 0, 0, 0, 0, 0, 0, 0, 0, 0, 0],[1, 0, 1, 0, 1, 0, 0, 0, 0, 0, 0, 0],[0, 1, 0, 0, 0, 0, 0, 0, 0, 0, 0, 1],[1, 0, 0, 0, 0, 0, 0, 1, 0, 0, 0, 0],[0, 0, 0, 0, 0, 0, 0, 0, 0, 0, 0, 0],[1, 0, 0, 0, 0, 0, 0, 1, 0, 0, 0, 0],[0, 0, 0, 0, 0, 0, 0, 0, 0, 0, 0, 0],[0, 0, 0, 0, 1, 1, 0, 0, 0, 0, 0, 0],[0, 0, 0, 0, 0, 0, 0, 0, 0, 0, 0, 0],[0, 0, 0, 0, 0, 0, 0, 1, 0, 0, 0, 0],[1, 1, 0, 0, 0, 1, 0, 0, 0, 0, 0, 0],[0, 0, 0, 0, 2, 0, 0, 0, 0, 0, 0, 0],[0, 0, 0, 0, 0, 0, 0, 0, 0, 0, 0, 0],[0, 0, 0, 0, 0, 1, 0, 0, 0, 0, 0, 0],[0, 1, 0, 0, 0, 0, 0, 0, 0, 0, 0, 0],[0, 0, 0, 0, 0, 0, 0, 0, 0, 0, 0, 0],[0, 0, 0, 0, 0, 0, 0, 0, 0, 0, 0, 0],[0, 0, 0, 0, 0, 0, 0, 0, 0, 0, 0, 0],[0, 0, 0, 0, 0, 0, 0, 0, 0, 0, 0, 0],[0, 0, 0, 1, 0, 0, 0, 0, 0, 0, 0, 0],[0, 0, 0, 0, 0, 0, 2, 0, 0, 0, 0, 1],[0, 0, 0, 0, 0, 0, 0, 0, 0, 0, 0, 0],[0, 0, 0, 0, 0, 0, 0, 0, 0, 0, 0, 0],[0, 0, 0, 0, 1, 0, 0, 0, 0, 0, 0, 0],[0, 0, 0, 0, 0, 0, 0, 0, 0, 0, 0, 0],[0, 0, 1, 0, 0, 0, 0, 0, 0, 0, 0, 0],[0, 0, 0, 0, 0, 0, 0, 0, 0, 0, 0, 0],[1, 0, 0, 0, 0, 0, 0, 0, 0, 1, 0, 0],[0, 0, 0, 0, 0, 0, 0, 0, 0, 0, 0, 0],[1, 0, 0, 0, 0, 0, 0, 0, 0, 0, 0, 0],[0, 0, 0, 0, 0, 0, 0, 0, 0, 0, 0, 0],[0, 0, 0, 0, 0, 0, 0, 0, 0, 0, 0, 0],[0, 0, 0, 0, 0, 0, 0, 0, 0, 0, 0, 0],[0, 0, 0, 0, 0, 0, 0, 0, 0, 0, 0, 0],[0, 0, 0, 0, 0, 0, 0, 0, 0, 0, 0, 0],[0, 0, 0, 0, 0, 0, 0, 0, 0, 0, 0, 0],[0, 0, 0, 0, 0, 0, 0, 0, 0, 0, 0, 0],[0, 0, 0, 0, 0, 0, 0, 0, 0, 0, 0, 0],[0, 0, 0, 0, 0, 0, 0, 0, 0, 0, 0, 0],[0, 0, 0, 0, 0, 0, 0, 0, 0, 0, 0, 0],[0, 0, 0, 0, 0, 0, 0, 0, 0, 0, 0, 0],[0, 0, 0, 0, 0, 0, 0, 0, 0, 0, 0, 0],[0, 0, 0, 0, 0, 0, 0, 0, 0, 0, 0, 0],[0, 0, 0, 0, 0, 0, 0, 0, 0, 0, 0, 0],[0, 0, 0, 0, 0, 0, 0, 0, 0, 0, 0, 0],[0, 0, 0, 0, 0, 0, 0, 0, 0, 0, 0, 0],[0, 0, 0, 0, 0, 0, 0, 0, 0, 0, 0, 0],[0, 0, 0, 0, 0, 0, 0, 0, 0, 0, 0, 0],[0, 0, 0, 0, 0, 0, 0, 0, 0, 0, 0, 0],[0, 0, 0, 0, 0, 0, 0, 0, 0, 0, 0, 0],[0, 0, 0, 0, 0, 0, 0, 0, 0, 0, 0, 0],[0, 0, 0, 0, 0, 0, 0, 0, 0, 0, 0, 0],[0, 0, 0, 0, 0, 0, 0, 0, 0, 0, 0, 0],[0, 0, 0, 0, 0, 0, 0, 0, 0, 0, 0, 0],[0, 0, 0, 0, 0, 0, 0, 0, 0, 0, 0, 0],[0, 0, 0, 0, 0, 0, 0, 0, 0, 0, 0, 0],[0, 0, 0, 0, 0, 0, 0, 0, 0, 0, 0, 0],[0, 0, 0, 0, 0, 0, 0, 0, 0, 0, 0, 0],[0, 0, 0, 0, 0, 0, 0, 0, 0, 0, 0, 0],[0, 0, 0, 0, 0, 0, 0, 0, 0, 0, 0, 0],[0, 0, 0, 0, 0, 0, 0, 0, 0, 0, 0, 0],[0, 0, 0, 0, 0, 0, 0, 0, 0, 0, 0, 0],[0, 0, 0, 0, 0, 0, 0, 0, 0, 0, 0, 0],[0, 0, 0, 0, 0, 0, 0, 0, 0, 0, 0, 0],[0, 0, 0, 0, 0, 0, 0, 0, 0, 0, 0, 0],[0, 0, 0, 0, 0, 0, 0, 0, 0, 0, 0, 0],[0, 0, 0, 0, 0, 0, 0, 0, 0, 0, 0, 0],[0, 0, 0, 0, 0, 0, 0, 0, 0, 0, 0, 0],[0, 0, 0, 0, 0, 0, 0, 0, 0, 0, 0, 0],[0, 0, 0, 0, 0, 0, 0, 0, 0, 0, 0, 0],[0, 0, 0, 0, 0, 0, 0, 0, 0, 0, 0, 0],[0, 0, 0, 0, 0, 0, 0, 0, 0, 0, 0, 0],[0, 0, 0, 0, 0, 0, 0, 0, 0, 0, 0, 0],[0, 0, 0, 0, 0, 0, 0, 0, 0, 0, 0, 0],[0, 0, 0, 0, 0, 0, 0, 0, 0, 0, 0, 0],[0, 0, 0, 0, 0, 0, 0, 0, 0, 0, 0, 0],[0, 0, 0, 0, 0, 0, 0, 0, 0, 0, 0, 0],[0, 0, 0, 0, 0, 0, 0, 0, 0, 0, 0, 0],[0, 0, 0, 0, 0, 0, 0, 0, 0, 0, 0, 0],[0, 0, 0, 0, 0, 0, 0, 0, 0, 0, 0, 0]
]', 20, 1),
(23, 29, 1, '[[0, 0, 0, 0, 2, 1, 0, 0, 0, 0, 0, 0],[0, 1, 0, 0, 1, 0, 0, 0, 0, 0, 0, 1],[1, 0, 0, 0, 0, 0, 0, 0, 0, 0, 0, 0],[1, 2, 1, 0, 1, 0, 2, 0, 0, 0, 0, 0],[0, 0, 0, 0, 0, 0, 0, 0, 0, 0, 0, 0],[0, 0, 0, 0, 0, 0, 4, 0, 1, 2, 0, 1],[0, 1, 0, 0, 0, 0, 0, 0, 1, 0, 0, 0],[1, 0, 0, 0, 0, 0, 1, 1, 0, 1, 0, 0],[0, 0, 0, 0, 0, 0, 0, 1, 0, 0, 0, 0],[0, 0, 0, 1, 0, 0, 1, 0, 0, 1, 0, 1],[0, 0, 0, 1, 0, 0, 0, 1, 0, 0, 0, 1],[0, 0, 0, 0, 0, 0, 0, 0, 0, 0, 0, 0],[1, 0, 1, 0, 0, 0, 0, 0, 0, 0, 1, 0],[1, 1, 0, 0, 0, 0, 0, 0, 0, 0, 0, 0],[0, 0, 0, 0, 0, 0, 0, 0, 0, 0, 0, 0],[0, 0, 1, 1, 0, 0, 0, 0, 0, 1, 0, 0],[0, 0, 2, 0, 1, 0, 0, 0, 0, 0, 0, 0],[0, 0, 0, 0, 0, 0, 0, 0, 1, 0, 0, 1],[0, 0, 0, 0, 0, 0, 0, 1, 1, 0, 0, 0],[1, 0, 1, 0, 0, 0, 0, 0, 1, 0, 0, 0],[0, 0, 1, 0, 0, 0, 0, 0, 0, 0, 0, 0],[0, 0, 1, 0, 0, 0, 0, 0, 0, 0, 1, 0],[0, 1, 0, 0, 0, 1, 0, 0, 0, 0, 1, 0],[0, 0, 2, 0, 0, 1, 0, 0, 0, 0, 0, 0],[0, 0, 0, 1, 0, 0, 0, 0, 0, 1, 0, 0],[0, 1, 0, 0, 0, 0, 0, 0, 0, 0, 0, 0],[0, 0, 0, 0, 0, 1, 0, 0, 0, 0, 1, 0],[0, 0, 0, 1, 0, 0, 0, 0, 0, 0, 1, 0],[0, 0, 0, 0, 0, 0, 0, 0, 0, 0, 0, 0],[1, 0, 0, 0, 0, 2, 0, 0, 0, 0, 0, 0],[0, 0, 0, 1, 0, 0, 0, 0, 0, 0, 0, 0],[2, 0, 0, 0, 0, 0, 0, 0, 0, 0, 0, 0],[0, 0, 0, 0, 0, 0, 0, 0, 0, 0, 1, 0],[0, 1, 1, 0, 0, 0, 0, 0, 0, 0, 0, 0],[0, 0, 0, 0, 0, 0, 0, 0, 0, 0, 0, 0],[0, 0, 0, 0, 0, 0, 0, 0, 0, 1, 0, 0],[0, 0, 0, 0, 0, 0, 1, 0, 0, 0, 0, 0],[0, 0, 0, 0, 0, 0, 0, 0, 0, 0, 0, 0],[0, 0, 0, 0, 0, 0, 0, 0, 0, 0, 0, 0],[0, 0, 0, 0, 0, 0, 0, 0, 0, 0, 1, 0],[0, 0, 1, 0, 1, 0, 0, 0, 0, 0, 0, 0],[0, 0, 0, 0, 1, 0, 0, 0, 0, 0, 0, 0],[0, 0, 0, 0, 0, 0, 0, 0, 0, 0, 0, 0],[0, 0, 0, 0, 0, 0, 0, 0, 0, 0, 0, 0],[0, 0, 0, 0, 0, 0, 0, 0, 1, 0, 0, 0],[0, 0, 0, 0, 0, 0, 1, 0, 0, 0, 0, 0],[0, 0, 0, 0, 0, 0, 0, 0, 0, 0, 0, 0],[0, 0, 0, 0, 0, 0, 0, 0, 0, 0, 0, 0],[1, 0, 0, 0, 0, 0, 0, 0, 0, 0, 0, 1],[0, 0, 0, 0, 0, 0, 0, 0, 0, 0, 0, 0],[0, 0, 0, 0, 0, 0, 0, 0, 0, 0, 0, 0],[1, 0, 1, 0, 1, 0, 0, 0, 0, 0, 0, 0],[0, 1, 0, 0, 0, 0, 0, 0, 0, 0, 0, 1],[1, 0, 0, 0, 0, 0, 0, 1, 0, 0, 0, 0],[0, 0, 0, 0, 0, 0, 0, 0, 0, 0, 0, 0],[1, 0, 0, 0, 0, 0, 0, 1, 0, 0, 0, 0],[0, 0, 0, 0, 0, 0, 0, 0, 0, 0, 0, 0],[0, 0, 0, 0, 1, 1, 0, 0, 0, 0, 0, 0],[0, 0, 0, 0, 0, 0, 0, 0, 0, 0, 0, 0],[0, 0, 0, 0, 0, 0, 0, 1, 0, 0, 0, 0],[1, 1, 0, 0, 0, 1, 0, 0, 0, 0, 0, 0],[0, 0, 0, 0, 2, 0, 0, 0, 0, 0, 0, 0],[0, 0, 0, 0, 0, 0, 0, 0, 0, 0, 0, 0],[0, 0, 0, 0, 0, 1, 0, 0, 0, 0, 0, 0],[0, 1, 0, 0, 0, 0, 1, 0, 0, 0, 0, 0],[0, 0, 0, 0, 0, 0, 0, 0, 0, 0, 0, 0],[0, 0, 0, 0, 0, 0, 0, 0, 0, 0, 0, 0],[0, 0, 0, 0, 0, 0, 0, 0, 0, 0, 0, 0],[0, 0, 0, 0, 0, 0, 0, 0, 0, 0, 0, 0],[0, 0, 0, 1, 0, 0, 0, 0, 0, 0, 0, 0],[0, 0, 0, 0, 0, 0, 2, 0, 0, 0, 0, 1],[0, 0, 0, 0, 0, 0, 0, 0, 0, 0, 0, 0],[0, 0, 0, 0, 0, 0, 0, 0, 0, 0, 0, 0],[0, 0, 0, 0, 1, 0, 0, 0, 0, 0, 0, 0],[0, 0, 0, 0, 0, 0, 0, 0, 0, 0, 0, 0],[0, 0, 1, 0, 0, 0, 0, 0, 0, 0, 0, 0],[0, 0, 0, 0, 0, 0, 0, 0, 0, 0, 0, 0],[1, 0, 0, 0, 0, 0, 0, 0, 0, 1, 0, 0],[0, 0, 0, 0, 0, 0, 0, 0, 0, 0, 0, 0],[1, 0, 0, 0, 0, 0, 0, 0, 0, 0, 0, 0],[0, 0, 0, 0, 0, 0, 0, 0, 0, 0, 0, 0],[0, 0, 0, 0, 0, 0, 0, 0, 0, 0, 0, 0],[0, 0, 0, 0, 0, 0, 0, 0, 0, 0, 0, 0],[0, 0, 0, 0, 0, 0, 0, 0, 0, 0, 0, 0],[0, 0, 0, 0, 0, 0, 0, 0, 0, 0, 0, 0],[0, 0, 0, 0, 0, 0, 0, 0, 0, 0, 0, 0],[0, 0, 0, 0, 0, 0, 0, 0, 0, 0, 0, 0],[0, 0, 0, 0, 0, 0, 0, 0, 0, 0, 0, 0],[0, 0, 0, 0, 0, 0, 0, 0, 0, 0, 0, 0],[0, 0, 0, 0, 0, 0, 0, 0, 0, 0, 0, 0],[0, 0, 0, 0, 0, 0, 0, 0, 0, 0, 0, 0],[0, 0, 0, 0, 0, 0, 0, 0, 0, 0, 0, 0],[0, 0, 0, 0, 0, 0, 0, 0, 0, 0, 0, 0],[0, 0, 0, 0, 0, 0, 0, 0, 0, 0, 0, 0],[0, 0, 0, 0, 0, 0, 0, 0, 0, 0, 0, 0],[0, 0, 0, 0, 0, 0, 0, 0, 0, 0, 0, 0],[0, 0, 0, 0, 0, 0, 0, 0, 0, 0, 0, 0],[0, 0, 0, 0, 0, 0, 0, 0, 0, 0, 0, 0],[0, 0, 0, 0, 0, 0, 0, 0, 0, 0, 0, 0],[0, 0, 0, 0, 0, 0, 0, 0, 0, 0, 0, 0],[0, 0, 0, 0, 0, 0, 0, 0, 0, 0, 0, 0],[0, 0, 0, 0, 0, 0, 0, 0, 0, 0, 0, 0],[0, 0, 0, 0, 0, 0, 0, 0, 0, 0, 0, 0],[0, 0, 0, 0, 0, 0, 0, 0, 0, 0, 0, 0],[0, 0, 0, 0, 0, 0, 0, 0, 0, 0, 0, 0],[0, 0, 0, 0, 0, 0, 0, 0, 0, 0, 0, 0],[0, 0, 0, 0, 0, 0, 0, 0, 0, 0, 0, 0],[0, 0, 0, 0, 0, 0, 0, 0, 0, 0, 0, 0],[0, 0, 0, 0, 0, 0, 0, 0, 0, 0, 0, 0],[0, 0, 0, 0, 0, 0, 0, 0, 0, 0, 0, 0],[0, 0, 0, 0, 0, 0, 0, 0, 0, 0, 0, 0],[0, 0, 0, 0, 0, 0, 0, 0, 0, 0, 0, 0],[0, 0, 0, 0, 0, 0, 0, 0, 0, 0, 0, 0],[0, 0, 0, 0, 0, 0, 0, 0, 0, 0, 0, 0],[0, 0, 0, 0, 0, 0, 0, 0, 0, 0, 0, 0],[0, 0, 0, 0, 0, 0, 0, 0, 0, 0, 0, 0],[0, 0, 0, 0, 0, 0, 0, 0, 0, 0, 0, 0],[0, 0, 0, 0, 0, 0, 0, 0, 0, 0, 0, 0],[0, 0, 0, 0, 0, 0, 0, 0, 0, 0, 0, 0],[0, 0, 0, 0, 0, 0, 0, 0, 0, 0, 0, 0],[0, 0, 0, 0, 0, 0, 0, 0, 0, 0, 0, 0],[0, 0, 0, 0, 0, 0, 0, 0, 0, 0, 0, 0],[0, 0, 0, 0, 0, 0, 0, 0, 0, 0, 0, 0],[0, 0, 0, 0, 0, 0, 0, 0, 0, 0, 0, 0],[0, 0, 0, 0, 0, 0, 0, 0, 0, 0, 0, 0],[0, 0, 0, 0, 0, 0, 0, 0, 0, 0, 0, 0],[0, 0, 0, 0, 0, 0, 0, 0, 0, 0, 0, 0],[0, 0, 0, 0, 0, 0, 0, 0, 0, 0, 0, 0],[0, 0, 0, 0, 0, 0, 0, 0, 0, 0, 0, 0],[0, 0, 0, 0, 0, 0, 0, 0, 0, 0, 0, 0]
]', 21, 1),
(24, 29, 1, '[[0, 0, 0, 0, 2, 1, 0, 0, 0, 0, 0, 0],[0, 1, 0, 0, 1, 0, 0, 0, 0, 0, 0, 1],[1, 0, 0, 0, 0, 0, 0, 0, 0, 0, 0, 0],[1, 2, 1, 0, 1, 0, 2, 0, 0, 0, 0, 0],[0, 0, 0, 0, 0, 0, 0, 0, 0, 0, 0, 0],[0, 0, 0, 0, 0, 0, 4, 0, 1, 2, 0, 1],[0, 1, 0, 0, 0, 0, 0, 0, 1, 0, 0, 0],[1, 0, 0, 0, 0, 0, 1, 1, 0, 1, 0, 0],[0, 0, 0, 0, 0, 0, 0, 1, 0, 0, 0, 0],[0, 0, 0, 1, 0, 0, 1, 0, 0, 1, 0, 1],[0, 0, 0, 1, 0, 0, 0, 1, 0, 0, 0, 1],[0, 0, 0, 0, 0, 0, 0, 0, 0, 0, 0, 0],[1, 0, 1, 0, 0, 0, 0, 0, 0, 0, 1, 0],[1, 1, 0, 0, 0, 0, 0, 0, 0, 0, 0, 0],[0, 0, 0, 0, 0, 0, 0, 0, 0, 0, 0, 0],[0, 0, 1, 1, 0, 0, 0, 0, 0, 1, 0, 0],[0, 0, 2, 0, 1, 0, 0, 0, 0, 0, 0, 0],[0, 0, 0, 0, 0, 0, 0, 0, 1, 0, 0, 1],[0, 0, 0, 0, 0, 0, 0, 1, 1, 0, 0, 0],[1, 0, 1, 0, 0, 0, 0, 0, 1, 0, 0, 0],[0, 0, 1, 0, 0, 0, 0, 0, 0, 0, 0, 0],[0, 0, 1, 0, 0, 0, 0, 0, 0, 0, 1, 0],[0, 1, 0, 0, 0, 1, 0, 0, 0, 0, 1, 0],[0, 0, 2, 0, 0, 1, 0, 0, 0, 0, 0, 0],[0, 0, 0, 1, 0, 0, 0, 0, 0, 1, 0, 0],[0, 1, 0, 0, 0, 0, 0, 0, 0, 0, 0, 0],[0, 0, 0, 0, 0, 1, 0, 0, 0, 0, 1, 0],[0, 0, 0, 1, 0, 0, 0, 0, 0, 0, 1, 0],[0, 0, 0, 0, 0, 0, 0, 0, 0, 0, 0, 0],[1, 0, 0, 0, 0, 2, 0, 0, 0, 0, 0, 0],[0, 0, 0, 1, 0, 0, 0, 0, 0, 0, 0, 0],[2, 0, 0, 0, 0, 0, 0, 0, 0, 0, 0, 0],[0, 0, 0, 0, 0, 0, 0, 0, 0, 0, 1, 0],[0, 1, 1, 0, 0, 0, 0, 0, 0, 0, 0, 0],[0, 0, 0, 0, 0, 0, 0, 0, 0, 0, 0, 0],[0, 0, 0, 0, 0, 0, 0, 0, 0, 1, 0, 0],[0, 0, 0, 0, 0, 0, 1, 0, 0, 0, 0, 0],[0, 0, 0, 0, 0, 0, 0, 0, 0, 0, 0, 0],[0, 0, 0, 0, 0, 0, 0, 0, 0, 0, 0, 0],[0, 0, 0, 0, 0, 0, 0, 0, 0, 0, 1, 0],[0, 0, 1, 0, 1, 0, 0, 0, 0, 0, 0, 0],[1, 0, 0, 0, 1, 0, 0, 0, 0, 0, 0, 0],[0, 0, 0, 0, 0, 0, 0, 0, 0, 0, 0, 0],[0, 0, 0, 0, 0, 0, 0, 0, 0, 0, 0, 0],[0, 0, 0, 0, 0, 0, 0, 0, 1, 0, 0, 0],[0, 0, 0, 0, 0, 0, 1, 0, 0, 0, 0, 0],[0, 0, 0, 0, 0, 0, 0, 0, 0, 0, 0, 0],[0, 0, 0, 0, 0, 0, 0, 0, 0, 0, 1, 0],[1, 0, 0, 0, 0, 0, 0, 0, 0, 0, 0, 1],[0, 0, 0, 0, 0, 0, 0, 0, 0, 0, 0, 0],[0, 0, 0, 0, 0, 0, 0, 0, 0, 0, 0, 0],[1, 0, 1, 0, 1, 0, 0, 0, 0, 0, 0, 0],[0, 1, 0, 0, 0, 0, 0, 0, 0, 0, 0, 1],[1, 0, 0, 0, 0, 0, 0, 1, 0, 0, 0, 0],[0, 0, 0, 0, 0, 0, 0, 0, 0, 0, 0, 0],[1, 0, 0, 0, 0, 0, 0, 1, 0, 0, 0, 0],[0, 0, 0, 0, 0, 0, 0, 0, 0, 0, 0, 0],[0, 0, 0, 0, 1, 1, 0, 0, 0, 0, 0, 0],[0, 0, 0, 0, 0, 0, 0, 0, 0, 0, 0, 0],[0, 0, 0, 0, 0, 0, 0, 1, 0, 0, 0, 0],[1, 1, 0, 0, 0, 1, 0, 0, 0, 0, 0, 0],[0, 0, 0, 0, 2, 0, 0, 0, 0, 0, 0, 0],[0, 0, 0, 0, 0, 0, 0, 0, 0, 0, 0, 0],[0, 0, 0, 0, 0, 1, 0, 0, 0, 0, 0, 0],[0, 1, 0, 0, 0, 0, 1, 0, 0, 0, 0, 0],[0, 0, 0, 0, 0, 0, 0, 0, 0, 0, 0, 0],[0, 0, 0, 0, 0, 0, 0, 0, 0, 0, 0, 0],[0, 0, 0, 0, 0, 0, 0, 0, 0, 0, 0, 0],[0, 0, 0, 0, 0, 0, 0, 0, 0, 0, 0, 0],[0, 0, 0, 1, 0, 0, 0, 0, 0, 0, 0, 0],[0, 0, 0, 0, 0, 0, 2, 0, 0, 0, 0, 1],[0, 0, 0, 0, 0, 0, 0, 0, 0, 0, 0, 0],[0, 0, 0, 0, 0, 0, 0, 0, 0, 0, 0, 0],[0, 0, 0, 0, 1, 0, 0, 0, 0, 0, 0, 0],[0, 0, 0, 0, 0, 0, 0, 0, 0, 0, 0, 0],[0, 0, 1, 0, 0, 0, 0, 0, 0, 0, 0, 0],[0, 0, 0, 0, 0, 0, 0, 0, 0, 0, 0, 0],[1, 0, 0, 0, 0, 0, 0, 0, 0, 1, 0, 0],[0, 0, 0, 0, 0, 0, 0, 0, 0, 0, 0, 0],[1, 0, 0, 0, 0, 0, 0, 0, 0, 0, 0, 0],[0, 0, 0, 0, 0, 0, 0, 0, 0, 0, 0, 0],[0, 0, 0, 0, 0, 0, 0, 0, 0, 0, 0, 0],[0, 0, 0, 0, 0, 0, 0, 0, 0, 0, 0, 0],[0, 0, 0, 0, 0, 0, 0, 0, 0, 0, 0, 0],[0, 0, 0, 0, 0, 0, 0, 0, 0, 0, 0, 0],[0, 0, 0, 0, 0, 0, 0, 0, 0, 0, 0, 0],[0, 0, 0, 0, 0, 0, 0, 0, 0, 0, 0, 0],[0, 0, 0, 0, 0, 0, 0, 0, 0, 0, 0, 0],[0, 0, 0, 0, 0, 0, 0, 0, 0, 0, 0, 0],[0, 0, 0, 0, 0, 0, 0, 0, 0, 0, 0, 0],[0, 0, 0, 0, 0, 0, 0, 0, 0, 0, 0, 0],[0, 0, 0, 0, 0, 0, 0, 0, 0, 0, 0, 0],[0, 0, 0, 0, 0, 0, 0, 0, 0, 0, 0, 0],[0, 0, 0, 0, 0, 0, 0, 0, 0, 0, 0, 0],[0, 0, 0, 0, 0, 0, 0, 0, 0, 0, 0, 0],[0, 0, 0, 0, 0, 0, 0, 0, 0, 0, 0, 0],[0, 0, 0, 0, 0, 0, 0, 0, 0, 0, 0, 0],[0, 0, 0, 0, 0, 0, 0, 0, 0, 0, 0, 0],[0, 0, 0, 0, 0, 0, 0, 0, 0, 0, 0, 0],[0, 0, 0, 0, 0, 0, 0, 0, 0, 0, 0, 0],[0, 0, 0, 0, 0, 0, 0, 0, 0, 0, 0, 0],[0, 0, 0, 0, 0, 0, 0, 0, 0, 0, 0, 0],[0, 0, 0, 0, 0, 0, 0, 0, 0, 0, 0, 0],[0, 0, 0, 0, 0, 0, 0, 0, 0, 0, 0, 0],[0, 0, 0, 0, 0, 0, 0, 0, 0, 0, 0, 0],[0, 0, 0, 0, 0, 0, 0, 0, 0, 0, 0, 0],[0, 0, 0, 0, 0, 0, 0, 0, 0, 0, 0, 0],[0, 0, 0, 0, 0, 0, 0, 0, 0, 0, 0, 0],[0, 0, 0, 0, 0, 0, 0, 0, 0, 0, 0, 0],[0, 0, 0, 0, 0, 0, 0, 0, 0, 0, 0, 0],[0, 0, 0, 0, 0, 0, 0, 0, 0, 0, 0, 0],[0, 0, 0, 0, 0, 0, 0, 0, 0, 0, 0, 0],[0, 0, 0, 0, 0, 0, 0, 0, 0, 0, 0, 0],[0, 0, 0, 0, 0, 0, 0, 0, 0, 0, 0, 0],[0, 0, 0, 0, 0, 0, 0, 0, 0, 0, 0, 0],[0, 0, 0, 0, 0, 0, 0, 0, 0, 0, 0, 0],[0, 0, 0, 0, 0, 0, 0, 0, 0, 0, 0, 0],[0, 0, 0, 0, 0, 0, 0, 0, 0, 0, 0, 0],[0, 0, 0, 0, 0, 0, 0, 0, 0, 0, 0, 0],[0, 0, 0, 0, 0, 0, 0, 0, 0, 0, 0, 0],[0, 0, 0, 0, 0, 0, 0, 0, 0, 0, 0, 0],[0, 0, 0, 0, 0, 0, 0, 0, 0, 0, 0, 0],[0, 0, 0, 0, 0, 0, 0, 0, 0, 0, 0, 0],[0, 0, 0, 0, 0, 0, 0, 0, 0, 0, 0, 0],[0, 0, 0, 0, 0, 0, 0, 0, 0, 0, 0, 0],[0, 0, 0, 0, 0, 0, 0, 0, 0, 0, 0, 0],[0, 0, 0, 0, 0, 0, 0, 0, 0, 0, 0, 0],[0, 0, 0, 0, 0, 0, 0, 0, 0, 0, 0, 0],[0, 0, 0, 0, 0, 0, 0, 0, 0, 0, 0, 0],[0, 0, 0, 0, 0, 0, 0, 0, 0, 0, 0, 0]
]', 22, 1),
(25, 29, 1, '[[0, 0, 0, 0, 2, 1, 0, 0, 0, 1, 0, 0],[0, 1, 0, 0, 1, 0, 0, 0, 0, 0, 0, 1],[1, 0, 0, 0, 0, 0, 0, 0, 0, 1, 0, 0],[1, 2, 1, 0, 1, 0, 2, 0, 0, 0, 0, 0],[0, 0, 0, 0, 0, 0, 0, 0, 0, 0, 0, 0],[0, 0, 0, 0, 0, 0, 4, 0, 1, 2, 0, 1],[0, 1, 0, 0, 0, 0, 0, 0, 1, 0, 0, 0],[1, 0, 0, 0, 0, 0, 1, 1, 0, 1, 0, 0],[0, 1, 0, 0, 0, 0, 0, 1, 0, 0, 0, 0],[0, 1, 0, 1, 0, 0, 1, 0, 0, 1, 0, 1],[0, 0, 0, 1, 0, 0, 0, 1, 0, 0, 0, 1],[0, 0, 0, 0, 1, 0, 0, 0, 0, 0, 0, 0],[1, 0, 1, 0, 0, 0, 0, 0, 0, 0, 1, 0],[1, 1, 0, 0, 0, 0, 0, 0, 0, 0, 0, 0],[0, 0, 0, 0, 0, 0, 0, 0, 0, 0, 0, 0],[0, 0, 1, 1, 0, 0, 0, 0, 0, 1, 0, 0],[0, 0, 2, 0, 1, 0, 0, 0, 0, 0, 0, 0],[0, 0, 0, 0, 0, 0, 0, 0, 1, 0, 0, 1],[0, 0, 0, 0, 0, 0, 0, 1, 1, 0, 0, 0],[1, 0, 1, 0, 0, 0, 0, 0, 1, 0, 0, 0],[0, 0, 2, 0, 0, 0, 0, 0, 0, 0, 0, 0],[0, 0, 1, 0, 0, 0, 0, 0, 0, 0, 1, 0],[0, 1, 0, 0, 0, 1, 0, 0, 0, 0, 1, 1],[0, 0, 2, 0, 0, 1, 0, 0, 0, 0, 0, 0],[0, 0, 0, 1, 0, 0, 0, 0, 0, 1, 0, 0],[0, 1, 0, 0, 0, 0, 0, 0, 0, 0, 0, 0],[0, 0, 0, 0, 0, 1, 0, 0, 0, 0, 1, 0],[0, 0, 0, 1, 0, 0, 0, 0, 0, 0, 1, 0],[0, 0, 0, 0, 0, 0, 0, 0, 0, 0, 0, 0],[1, 0, 0, 0, 0, 2, 0, 0, 0, 0, 0, 0],[0, 0, 0, 1, 0, 0, 0, 0, 0, 0, 0, 0],[2, 0, 0, 0, 0, 0, 0, 0, 0, 0, 0, 0],[0, 0, 0, 0, 0, 0, 0, 0, 0, 0, 1, 0],[0, 1, 1, 0, 0, 0, 0, 0, 0, 0, 0, 0],[0, 0, 0, 0, 0, 0, 0, 0, 0, 0, 0, 0],[0, 0, 0, 0, 0, 0, 0, 0, 0, 1, 0, 0],[0, 0, 0, 0, 0, 0, 1, 0, 0, 0, 0, 0],[0, 0, 0, 0, 0, 0, 0, 0, 0, 0, 0, 0],[0, 0, 0, 0, 0, 0, 0, 0, 0, 0, 0, 0],[0, 0, 0, 0, 0, 0, 0, 0, 0, 0, 1, 0],[0, 0, 1, 0, 1, 0, 0, 0, 0, 0, 0, 0],[1, 0, 0, 0, 1, 0, 0, 0, 0, 0, 0, 0],[0, 0, 0, 0, 0, 0, 0, 0, 0, 0, 0, 0],[0, 0, 0, 0, 0, 0, 0, 0, 0, 0, 0, 0],[0, 0, 0, 0, 0, 0, 0, 0, 1, 0, 0, 0],[0, 0, 0, 0, 0, 0, 1, 0, 0, 0, 0, 0],[0, 0, 0, 0, 0, 0, 0, 0, 0, 0, 0, 0],[0, 0, 0, 0, 0, 0, 0, 0, 0, 0, 1, 0],[1, 0, 0, 0, 0, 0, 0, 0, 0, 0, 0, 1],[0, 0, 0, 0, 0, 0, 0, 0, 0, 0, 0, 0],[0, 0, 0, 0, 0, 0, 0, 0, 0, 0, 0, 0],[1, 0, 1, 0, 1, 0, 0, 0, 0, 0, 0, 0],[0, 1, 0, 0, 0, 0, 0, 0, 0, 0, 0, 1],[1, 0, 0, 0, 0, 0, 0, 1, 0, 0, 1, 0],[0, 0, 0, 0, 0, 0, 0, 0, 0, 0, 0, 0],[1, 0, 0, 0, 0, 0, 0, 1, 0, 0, 0, 0],[0, 0, 0, 0, 0, 0, 0, 0, 0, 0, 0, 0],[0, 0, 0, 0, 1, 1, 0, 0, 0, 0, 0, 0],[0, 0, 0, 0, 0, 0, 0, 0, 0, 0, 0, 0],[0, 0, 0, 0, 0, 0, 0, 1, 0, 0, 0, 0],[1, 1, 0, 0, 0, 1, 0, 0, 0, 0, 0, 0],[0, 0, 0, 0, 2, 0, 0, 0, 0, 0, 0, 0],[0, 0, 0, 0, 0, 0, 0, 0, 0, 0, 0, 0],[0, 0, 0, 0, 0, 1, 0, 0, 0, 0, 0, 0],[0, 1, 0, 0, 0, 0, 1, 0, 0, 0, 0, 0],[0, 1, 0, 0, 0, 0, 0, 0, 0, 0, 0, 0],[0, 0, 0, 0, 0, 0, 0, 0, 0, 0, 0, 0],[0, 0, 0, 0, 0, 0, 0, 0, 0, 0, 0, 0],[0, 1, 0, 0, 0, 0, 0, 0, 0, 0, 0, 0],[0, 0, 0, 1, 0, 0, 0, 0, 0, 0, 0, 0],[0, 0, 0, 0, 0, 0, 2, 0, 0, 0, 0, 1],[0, 0, 0, 0, 0, 0, 0, 0, 0, 0, 0, 0],[0, 0, 0, 0, 0, 0, 0, 0, 0, 0, 0, 0],[0, 0, 0, 0, 1, 0, 0, 0, 0, 0, 0, 0],[0, 0, 0, 0, 0, 0, 0, 0, 0, 0, 0, 0],[0, 0, 1, 0, 0, 0, 0, 0, 0, 0, 0, 0],[0, 0, 0, 0, 0, 0, 0, 0, 0, 0, 0, 0],[1, 0, 0, 0, 0, 0, 0, 0, 0, 1, 0, 0],[0, 0, 0, 0, 0, 0, 0, 0, 0, 0, 0, 0],[1, 0, 0, 0, 0, 0, 0, 0, 0, 0, 0, 0],[0, 0, 0, 0, 0, 0, 0, 0, 0, 0, 0, 0],[0, 0, 0, 0, 0, 0, 0, 0, 0, 0, 0, 0],[0, 0, 0, 0, 0, 0, 0, 0, 0, 0, 0, 0],[0, 0, 0, 0, 0, 0, 0, 0, 0, 0, 0, 0],[0, 0, 0, 0, 0, 0, 0, 0, 0, 0, 0, 0],[0, 0, 0, 0, 0, 0, 0, 0, 0, 0, 0, 0],[0, 0, 0, 0, 0, 0, 0, 0, 0, 0, 0, 0],[0, 0, 0, 0, 0, 0, 0, 0, 0, 0, 0, 0],[0, 0, 0, 0, 0, 0, 0, 0, 0, 0, 0, 0],[0, 0, 0, 0, 0, 0, 0, 0, 0, 0, 0, 0],[0, 0, 0, 0, 0, 0, 0, 0, 0, 0, 0, 0],[0, 0, 0, 0, 0, 0, 0, 0, 0, 0, 0, 0],[0, 0, 0, 0, 0, 0, 0, 0, 0, 0, 0, 0],[0, 0, 0, 0, 0, 0, 0, 0, 0, 0, 0, 0],[0, 0, 0, 0, 0, 0, 0, 0, 0, 0, 0, 0],[0, 0, 0, 0, 0, 0, 0, 0, 0, 0, 0, 0],[0, 0, 0, 0, 0, 0, 0, 0, 0, 0, 0, 0],[0, 0, 0, 0, 0, 0, 0, 0, 0, 0, 0, 0],[0, 0, 0, 0, 0, 0, 0, 0, 0, 0, 0, 0],[0, 0, 0, 0, 0, 0, 0, 0, 0, 0, 0, 0],[0, 0, 0, 0, 0, 0, 0, 0, 0, 0, 0, 0],[0, 0, 0, 0, 0, 0, 0, 0, 0, 0, 0, 0],[0, 0, 0, 0, 0, 0, 0, 0, 0, 0, 0, 0],[0, 0, 0, 0, 0, 0, 0, 0, 0, 0, 0, 0],[0, 0, 0, 0, 0, 0, 0, 0, 0, 0, 0, 0],[0, 0, 0, 0, 0, 0, 0, 0, 0, 0, 0, 0],[0, 0, 0, 0, 0, 0, 0, 0, 0, 0, 0, 0],[0, 0, 0, 0, 0, 0, 0, 0, 0, 0, 0, 0],[0, 0, 0, 0, 0, 0, 0, 0, 0, 0, 0, 0],[0, 0, 0, 0, 0, 0, 0, 0, 0, 0, 0, 0],[0, 0, 0, 0, 0, 0, 0, 0, 0, 0, 0, 0],[0, 0, 0, 0, 0, 0, 0, 0, 0, 0, 0, 0],[0, 0, 0, 0, 0, 0, 0, 0, 0, 0, 0, 0],[0, 0, 0, 0, 0, 0, 0, 0, 0, 0, 0, 0],[0, 0, 0, 0, 0, 0, 0, 0, 0, 0, 0, 0],[0, 0, 0, 0, 0, 0, 0, 0, 0, 0, 0, 0],[0, 0, 0, 0, 0, 0, 0, 0, 0, 0, 0, 0],[0, 0, 0, 0, 0, 0, 0, 0, 0, 0, 0, 0],[0, 0, 0, 0, 0, 0, 0, 0, 0, 0, 0, 0],[0, 0, 0, 0, 0, 0, 0, 0, 0, 0, 0, 0],[0, 0, 0, 0, 0, 0, 0, 0, 0, 0, 0, 0],[0, 0, 0, 0, 0, 0, 0, 0, 0, 0, 0, 0],[0, 0, 0, 0, 0, 0, 0, 0, 0, 0, 0, 0],[0, 0, 0, 0, 0, 0, 0, 0, 0, 0, 0, 0],[0, 0, 0, 0, 0, 0, 0, 0, 0, 0, 0, 0],[0, 0, 0, 0, 0, 0, 0, 0, 0, 0, 0, 0],[0, 0, 0, 0, 0, 0, 0, 0, 0, 0, 0, 0],[0, 0, 0, 0, 0, 0, 0, 0, 0, 0, 0, 0],[0, 0, 0, 0, 0, 0, 0, 0, 0, 0, 0, 0],[0, 0, 0, 0, 0, 0, 0, 0, 0, 0, 0, 0]
]', 23, 1),
(26, 29, 1, '[[0, 0, 0, 0, 2, 1, 0, 0, 0, 1, 0, 0],[0, 1, 0, 0, 1, 0, 0, 0, 0, 0, 0, 1],[1, 0, 0, 0, 0, 0, 0, 0, 0, 1, 0, 0],[1, 2, 1, 0, 1, 0, 2, 0, 0, 0, 0, 0],[0, 0, 0, 0, 0, 0, 0, 0, 0, 0, 0, 0],[0, 0, 0, 0, 0, 0, 4, 0, 1, 2, 0, 1],[0, 1, 0, 0, 0, 0, 0, 0, 1, 0, 0, 0],[1, 0, 0, 0, 0, 0, 1, 1, 0, 1, 0, 0],[0, 1, 0, 0, 0, 0, 0, 2, 0, 0, 0, 0],[0, 1, 0, 1, 0, 0, 1, 0, 0, 1, 0, 1],[0, 0, 0, 1, 0, 0, 0, 1, 0, 0, 0, 1],[0, 0, 0, 0, 1, 0, 0, 0, 0, 0, 0, 0],[1, 0, 1, 0, 0, 0, 0, 0, 0, 0, 1, 0],[1, 1, 0, 0, 0, 0, 0, 0, 0, 0, 0, 0],[0, 0, 0, 0, 0, 0, 0, 0, 0, 0, 0, 1],[0, 1, 1, 1, 0, 0, 0, 0, 0, 1, 0, 0],[0, 0, 2, 0, 1, 0, 0, 0, 0, 0, 0, 0],[0, 0, 0, 0, 0, 0, 0, 0, 1, 0, 0, 2],[0, 0, 0, 0, 0, 0, 0, 2, 1, 0, 0, 0],[1, 0, 1, 0, 0, 0, 0, 0, 1, 0, 0, 0],[0, 0, 2, 0, 0, 0, 0, 0, 0, 0, 0, 0],[0, 0, 1, 0, 0, 0, 0, 0, 0, 0, 1, 0],[0, 1, 0, 0, 0, 1, 0, 0, 0, 0, 1, 1],[0, 0, 2, 0, 0, 1, 0, 0, 0, 0, 0, 1],[0, 0, 0, 1, 0, 0, 0, 0, 0, 1, 0, 0],[0, 1, 0, 0, 0, 0, 0, 0, 0, 0, 0, 0],[0, 0, 0, 0, 0, 1, 0, 0, 0, 0, 1, 0],[0, 0, 0, 1, 0, 0, 0, 0, 0, 0, 1, 0],[0, 0, 0, 0, 0, 0, 0, 0, 0, 0, 0, 0],[1, 0, 0, 0, 0, 2, 0, 0, 0, 0, 0, 0],[0, 0, 0, 1, 0, 0, 0, 0, 0, 0, 0, 0],[2, 0, 0, 0, 0, 0, 0, 0, 0, 0, 0, 0],[0, 0, 0, 0, 0, 0, 0, 0, 0, 0, 1, 0],[0, 1, 1, 0, 0, 0, 0, 0, 0, 0, 0, 0],[0, 0, 0, 0, 0, 0, 0, 0, 0, 0, 0, 0],[0, 0, 0, 0, 0, 0, 0, 0, 0, 1, 0, 0],[0, 0, 0, 0, 0, 0, 1, 0, 0, 0, 0, 0],[0, 0, 0, 0, 0, 0, 0, 0, 0, 0, 0, 0],[0, 0, 0, 0, 0, 1, 0, 0, 0, 0, 0, 0],[0, 0, 0, 0, 0, 0, 0, 0, 0, 0, 1, 0],[0, 0, 1, 0, 1, 0, 0, 0, 0, 0, 0, 0],[1, 0, 0, 0, 1, 0, 0, 0, 0, 0, 0, 0],[0, 0, 0, 0, 0, 0, 0, 1, 0, 0, 0, 0],[0, 0, 0, 0, 0, 0, 0, 0, 0, 0, 0, 0],[0, 0, 0, 0, 0, 0, 0, 0, 1, 0, 0, 0],[0, 0, 0, 0, 0, 0, 1, 0, 0, 0, 0, 0],[0, 0, 0, 0, 0, 0, 0, 0, 0, 0, 0, 0],[0, 0, 0, 0, 0, 0, 0, 0, 0, 0, 1, 0],[1, 0, 0, 0, 0, 0, 0, 0, 0, 0, 0, 1],[0, 0, 0, 0, 0, 0, 0, 0, 0, 0, 0, 0],[0, 0, 0, 0, 0, 0, 0, 0, 0, 0, 0, 0],[1, 0, 1, 0, 1, 0, 0, 0, 0, 0, 0, 0],[0, 1, 0, 0, 0, 1, 0, 0, 0, 0, 0, 1],[1, 0, 0, 0, 0, 0, 0, 1, 0, 0, 1, 0],[0, 0, 0, 0, 0, 0, 0, 0, 0, 0, 0, 0],[1, 0, 0, 0, 0, 0, 0, 1, 0, 0, 0, 0],[0, 0, 0, 0, 0, 0, 0, 0, 0, 0, 0, 0],[0, 0, 0, 0, 1, 1, 0, 0, 0, 0, 0, 0],[0, 0, 0, 0, 0, 0, 0, 0, 0, 0, 0, 0],[0, 0, 0, 0, 0, 0, 0, 1, 0, 0, 0, 0],[1, 1, 0, 0, 0, 1, 0, 0, 0, 0, 0, 0],[0, 0, 0, 0, 2, 0, 0, 0, 0, 0, 0, 0],[0, 0, 0, 0, 0, 0, 0, 0, 0, 0, 0, 0],[0, 0, 0, 0, 0, 1, 0, 0, 0, 0, 0, 0],[0, 1, 0, 0, 0, 0, 1, 0, 0, 0, 0, 0],[0, 1, 0, 0, 0, 0, 0, 0, 0, 0, 0, 0],[0, 0, 0, 0, 0, 0, 0, 0, 0, 0, 0, 0],[0, 0, 0, 0, 0, 0, 0, 0, 0, 0, 0, 0],[0, 1, 0, 0, 0, 0, 0, 0, 0, 0, 0, 0],[0, 0, 0, 1, 0, 0, 0, 0, 0, 0, 0, 0],[0, 0, 0, 0, 0, 0, 2, 0, 0, 0, 0, 1],[0, 0, 0, 0, 0, 0, 0, 0, 0, 0, 0, 0],[0, 0, 0, 0, 0, 0, 0, 0, 0, 0, 0, 0],[0, 0, 0, 0, 1, 0, 0, 0, 0, 0, 0, 0],[0, 0, 0, 0, 0, 0, 0, 0, 0, 0, 0, 0],[0, 0, 1, 0, 0, 0, 0, 0, 0, 0, 0, 0],[0, 0, 0, 0, 0, 0, 0, 0, 0, 0, 0, 0],[1, 0, 0, 0, 0, 0, 0, 0, 0, 1, 0, 0],[0, 0, 0, 0, 0, 0, 0, 0, 0, 0, 0, 0],[1, 0, 0, 0, 0, 0, 0, 0, 0, 0, 0, 0],[0, 0, 0, 0, 0, 0, 0, 0, 0, 0, 0, 0],[0, 0, 0, 0, 0, 0, 0, 0, 0, 0, 0, 0],[0, 0, 0, 0, 0, 0, 0, 0, 0, 0, 0, 0],[0, 0, 0, 0, 0, 0, 0, 0, 0, 0, 0, 0],[0, 0, 0, 0, 0, 0, 0, 0, 0, 0, 0, 0],[0, 0, 0, 0, 0, 0, 0, 0, 0, 0, 0, 0],[0, 0, 0, 0, 0, 0, 0, 0, 0, 0, 0, 0],[0, 0, 0, 0, 0, 0, 0, 0, 0, 0, 0, 0],[0, 0, 0, 0, 0, 0, 0, 0, 0, 0, 0, 0],[0, 0, 0, 0, 0, 0, 0, 0, 0, 0, 0, 0],[0, 0, 0, 0, 0, 0, 0, 0, 0, 0, 0, 0],[0, 0, 0, 0, 0, 0, 0, 0, 0, 0, 0, 0],[0, 0, 0, 0, 0, 0, 0, 0, 0, 0, 0, 0],[0, 0, 0, 0, 0, 0, 0, 0, 0, 0, 0, 0],[0, 0, 0, 0, 0, 0, 0, 0, 0, 0, 0, 0],[0, 0, 0, 0, 0, 0, 0, 0, 0, 0, 0, 0],[0, 0, 0, 0, 0, 0, 0, 0, 0, 0, 0, 0],[0, 0, 0, 0, 0, 0, 0, 0, 0, 0, 0, 0],[0, 0, 0, 0, 0, 0, 0, 0, 0, 0, 0, 0],[0, 0, 0, 0, 0, 0, 0, 0, 0, 0, 0, 0],[0, 0, 0, 0, 0, 0, 0, 0, 0, 0, 0, 0],[0, 0, 0, 0, 0, 0, 0, 0, 0, 0, 0, 0],[0, 0, 0, 0, 0, 0, 0, 0, 0, 0, 0, 0],[0, 0, 0, 0, 0, 0, 0, 0, 0, 0, 0, 0],[0, 0, 0, 0, 0, 0, 0, 0, 0, 0, 0, 0],[0, 0, 0, 0, 0, 0, 0, 0, 0, 0, 0, 0],[0, 0, 0, 0, 0, 0, 0, 0, 0, 0, 0, 0],[0, 0, 0, 0, 0, 0, 0, 0, 0, 0, 0, 0],[0, 0, 0, 0, 0, 0, 0, 0, 0, 0, 0, 0],[0, 0, 0, 0, 0, 0, 0, 0, 0, 0, 0, 0],[0, 0, 0, 0, 0, 0, 0, 0, 0, 0, 0, 0],[0, 0, 0, 0, 0, 0, 0, 0, 0, 0, 0, 0],[0, 0, 0, 0, 0, 0, 0, 0, 0, 0, 0, 0],[0, 0, 0, 0, 0, 0, 0, 0, 0, 0, 0, 0],[0, 0, 0, 0, 0, 0, 0, 0, 0, 0, 0, 0],[0, 0, 0, 0, 0, 0, 0, 0, 0, 0, 0, 0],[0, 0, 0, 0, 0, 0, 0, 0, 0, 0, 0, 0],[0, 0, 0, 0, 0, 0, 0, 0, 0, 0, 0, 0],[0, 0, 0, 0, 0, 0, 0, 0, 0, 0, 0, 0],[0, 0, 0, 0, 0, 0, 0, 0, 0, 0, 0, 0],[0, 0, 0, 0, 0, 0, 0, 0, 0, 0, 0, 0],[0, 0, 0, 0, 0, 0, 0, 0, 0, 0, 0, 0],[0, 0, 0, 0, 0, 0, 0, 0, 0, 0, 0, 0],[0, 0, 0, 0, 0, 0, 0, 0, 0, 0, 0, 0],[0, 0, 0, 0, 0, 0, 0, 0, 0, 0, 0, 0],[0, 0, 0, 0, 0, 0, 0, 0, 0, 0, 0, 0],[0, 0, 0, 0, 0, 0, 0, 0, 0, 0, 0, 0],[0, 0, 0, 0, 0, 0, 0, 0, 0, 0, 0, 0],[0, 0, 0, 0, 0, 0, 0, 0, 0, 0, 0, 0],[0, 0, 0, 0, 0, 0, 0, 0, 0, 0, 0, 0]
]', 24, 1),
(27, 29, 1, '[[0, 0, 0, 0, 2, 1, 0, 0, 0, 1, 0, 0],[0, 1, 0, 0, 1, 0, 0, 0, 0, 0, 0, 1],[1, 0, 0, 0, 0, 0, 0, 0, 0, 0, 0, 0],[1, 2, 1, 0, 1, 0, 2, 0, 0, 0, 0, 0],[0, 0, 0, 0, 0, 0, 0, 0, 0, 0, 0, 0],[0, 0, 0, 0, 0, 0, 4, 0, 1, 2, 0, 1],[0, 1, 0, 0, 0, 0, 0, 0, 1, 0, 0, 0],[1, 0, 0, 0, 0, 0, 0, 1, 0, 0, 0, 0],[0, 1, 0, 0, 0, 0, 0, 2, 0, 0, 0, 0],[0, 0, 0, 1, 0, 0, 1, 0, 0, 1, 0, 1],[0, 0, 0, 1, 0, 0, 0, 1, 0, 0, 0, 1],[0, 0, 0, 0, 1, 0, 0, 0, 0, 0, 0, 0],[1, 0, 1, 0, 0, 0, 0, 0, 0, 0, 1, 0],[0, 0, 0, 0, 0, 0, 0, 0, 0, 0, 0, 0],[0, 0, 0, 0, 0, 0, 0, 0, 0, 0, 0, 0],[0, 1, 1, 0, 0, 0, 0, 0, 0, 0, 0, 0],[0, 0, 2, 0, 1, 0, 0, 0, 0, 0, 0, 0],[0, 0, 0, 0, 0, 0, 0, 0, 1, 0, 0, 2],[0, 0, 0, 0, 0, 0, 0, 1, 1, 0, 0, 0],[1, 0, 1, 0, 0, 0, 0, 0, 0, 0, 0, 0],[0, 0, 2, 0, 0, 0, 0, 0, 0, 0, 0, 0],[0, 0, 1, 0, 0, 0, 0, 0, 0, 0, 1, 0],[0, 1, 0, 0, 0, 1, 0, 0, 0, 0, 1, 1],[0, 0, 2, 0, 0, 1, 0, 0, 0, 0, 0, 1],[0, 0, 0, 1, 0, 0, 0, 0, 0, 1, 0, 0],[0, 1, 0, 0, 0, 0, 0, 0, 0, 0, 0, 0],[0, 0, 0, 0, 0, 0, 0, 0, 0, 0, 1, 0],[0, 0, 0, 1, 0, 0, 0, 0, 0, 0, 1, 0],[0, 0, 0, 0, 0, 0, 0, 0, 0, 0, 0, 0],[1, 0, 0, 0, 0, 2, 0, 0, 0, 0, 0, 0],[0, 0, 0, 1, 0, 0, 0, 0, 0, 0, 0, 0],[2, 0, 0, 0, 0, 0, 0, 0, 0, 0, 0, 0],[0, 0, 0, 0, 0, 0, 0, 0, 0, 0, 1, 0],[0, 1, 1, 0, 0, 0, 0, 0, 0, 0, 0, 0],[0, 0, 0, 0, 0, 0, 0, 0, 0, 0, 0, 0],[0, 0, 0, 0, 0, 0, 0, 0, 0, 0, 0, 0],[0, 0, 0, 0, 0, 0, 1, 0, 0, 0, 0, 0],[0, 0, 0, 0, 0, 0, 0, 0, 0, 0, 0, 0],[0, 0, 0, 0, 0, 1, 0, 0, 0, 0, 0, 0],[0, 0, 0, 0, 0, 0, 0, 0, 0, 0, 1, 0],[0, 0, 1, 0, 1, 0, 0, 0, 0, 0, 0, 0],[1, 0, 0, 0, 1, 0, 0, 0, 0, 0, 0, 0],[0, 0, 0, 0, 0, 0, 0, 1, 0, 0, 0, 0],[0, 0, 0, 0, 0, 0, 0, 0, 0, 0, 0, 0],[0, 0, 0, 0, 0, 0, 0, 0, 0, 0, 0, 0],[0, 0, 0, 0, 0, 0, 1, 0, 0, 0, 0, 0],[0, 0, 0, 0, 0, 0, 0, 0, 0, 0, 0, 0],[0, 0, 0, 0, 0, 0, 0, 0, 0, 0, 1, 0],[1, 0, 0, 0, 0, 0, 0, 0, 0, 0, 0, 0],[0, 0, 0, 0, 0, 0, 0, 0, 0, 0, 0, 0],[0, 0, 0, 0, 0, 0, 0, 0, 0, 0, 0, 0],[1, 0, 0, 0, 1, 0, 0, 0, 0, 0, 0, 0],[0, 0, 0, 0, 0, 1, 0, 0, 0, 0, 0, 1],[1, 0, 0, 0, 0, 0, 0, 0, 0, 0, 1, 0],[0, 0, 0, 0, 0, 0, 0, 0, 0, 0, 0, 0],[1, 0, 0, 0, 0, 0, 0, 1, 0, 0, 0, 0],[0, 0, 0, 0, 0, 0, 0, 0, 0, 0, 0, 0],[0, 0, 0, 0, 1, 1, 0, 0, 0, 0, 0, 0],[0, 0, 0, 0, 0, 0, 0, 0, 0, 0, 0, 0],[0, 0, 0, 0, 0, 0, 0, 1, 0, 0, 0, 0],[1, 0, 0, 0, 0, 1, 0, 0, 0, 0, 0, 0],[0, 0, 0, 0, 2, 0, 0, 0, 0, 0, 0, 0],[0, 0, 0, 0, 0, 0, 0, 0, 0, 0, 0, 0],[0, 0, 0, 0, 0, 1, 0, 0, 0, 0, 0, 0],[0, 1, 0, 0, 0, 0, 1, 0, 0, 0, 0, 0],[0, 1, 0, 0, 0, 0, 0, 0, 0, 0, 0, 0],[0, 0, 0, 0, 0, 0, 0, 0, 0, 0, 0, 0],[0, 0, 0, 0, 0, 0, 0, 0, 0, 0, 0, 0],[0, 1, 0, 0, 0, 0, 0, 0, 0, 0, 0, 0],[0, 0, 0, 1, 0, 0, 0, 0, 0, 0, 0, 0],[0, 0, 0, 0, 0, 0, 2, 0, 0, 0, 0, 1],[0, 0, 0, 0, 0, 0, 0, 0, 0, 0, 0, 0],[0, 0, 0, 0, 0, 0, 0, 0, 0, 0, 0, 0],[0, 0, 0, 0, 1, 0, 0, 0, 0, 0, 0, 0],[0, 0, 0, 0, 0, 0, 0, 0, 0, 0, 0, 0],[0, 0, 1, 0, 0, 0, 0, 0, 0, 0, 0, 0],[0, 0, 0, 0, 0, 0, 0, 0, 0, 0, 0, 0],[1, 0, 0, 0, 0, 0, 0, 0, 0, 1, 0, 0],[0, 0, 0, 0, 0, 0, 0, 0, 0, 0, 0, 0],[1, 0, 0, 0, 0, 0, 0, 0, 0, 0, 0, 0],[0, 0, 0, 0, 0, 0, 0, 0, 0, 0, 0, 0],[0, 0, 0, 0, 0, 0, 0, 0, 0, 0, 0, 0],[0, 0, 0, 0, 0, 0, 0, 0, 0, 0, 0, 0],[0, 0, 0, 0, 0, 0, 0, 0, 0, 0, 0, 0],[0, 0, 0, 0, 0, 0, 0, 0, 0, 0, 0, 0],[0, 0, 0, 0, 0, 0, 0, 0, 0, 0, 0, 0],[0, 0, 0, 0, 0, 0, 0, 0, 0, 0, 0, 0],[0, 0, 0, 0, 0, 0, 0, 0, 0, 0, 0, 0],[0, 0, 0, 0, 0, 0, 0, 0, 0, 0, 0, 0],[0, 0, 0, 0, 0, 0, 0, 0, 0, 0, 0, 0],[0, 0, 0, 0, 0, 0, 0, 0, 0, 0, 0, 0],[0, 0, 0, 0, 0, 0, 0, 0, 0, 0, 0, 0],[0, 0, 0, 0, 0, 0, 0, 0, 0, 0, 0, 0],[0, 0, 0, 0, 0, 0, 0, 0, 0, 0, 0, 0],[0, 0, 0, 0, 0, 0, 0, 0, 0, 0, 0, 0],[0, 0, 0, 0, 0, 0, 0, 0, 0, 0, 0, 0],[0, 0, 0, 0, 0, 0, 0, 0, 0, 0, 0, 0],[0, 0, 0, 0, 0, 0, 0, 0, 0, 0, 0, 0],[0, 0, 0, 0, 0, 0, 0, 0, 0, 0, 0, 0],[0, 0, 0, 0, 0, 0, 0, 0, 0, 0, 0, 0],[0, 0, 0, 0, 0, 0, 0, 0, 0, 0, 0, 0],[0, 0, 0, 0, 0, 0, 0, 0, 0, 0, 0, 0],[0, 0, 0, 0, 0, 0, 0, 0, 0, 0, 0, 0],[0, 0, 0, 0, 0, 0, 0, 0, 0, 0, 0, 0],[0, 0, 0, 0, 0, 0, 0, 0, 0, 0, 0, 0],[0, 0, 0, 0, 0, 0, 0, 0, 0, 0, 0, 0],[0, 0, 0, 0, 0, 0, 0, 0, 0, 0, 0, 0],[0, 0, 0, 0, 0, 0, 0, 0, 0, 0, 0, 0],[0, 0, 0, 0, 0, 0, 0, 0, 0, 0, 0, 0],[0, 0, 0, 0, 0, 0, 0, 0, 0, 0, 0, 0],[0, 0, 0, 0, 0, 0, 0, 0, 0, 0, 0, 0],[0, 0, 0, 0, 0, 0, 0, 0, 0, 0, 0, 0],[0, 0, 0, 0, 0, 0, 0, 0, 0, 0, 0, 0],[0, 0, 0, 0, 0, 0, 0, 0, 0, 0, 0, 0],[0, 0, 0, 0, 0, 0, 0, 0, 0, 0, 0, 0],[0, 0, 0, 0, 0, 0, 0, 0, 0, 0, 0, 0],[0, 0, 0, 0, 0, 0, 0, 0, 0, 0, 0, 0],[0, 0, 0, 0, 0, 0, 0, 0, 0, 0, 0, 0],[0, 0, 0, 0, 0, 0, 0, 0, 0, 0, 0, 0],[0, 0, 0, 0, 0, 0, 0, 0, 0, 0, 0, 0],[0, 0, 0, 0, 0, 0, 0, 0, 0, 0, 0, 0],[0, 0, 0, 0, 0, 0, 0, 0, 0, 0, 0, 0],[0, 0, 0, 0, 0, 0, 0, 0, 0, 0, 0, 0],[0, 0, 0, 0, 0, 0, 0, 0, 0, 0, 0, 0],[0, 0, 0, 0, 0, 0, 0, 0, 0, 0, 0, 0],[0, 0, 0, 0, 0, 0, 0, 0, 0, 0, 0, 0],[0, 0, 0, 0, 0, 0, 0, 0, 0, 0, 0, 0],[0, 0, 0, 0, 0, 0, 0, 0, 0, 0, 0, 0],[0, 0, 0, 0, 0, 0, 0, 0, 0, 0, 0, 0],[0, 0, 0, 0, 0, 0, 0, 0, 0, 0, 0, 0]
]', 25, 1),
(28, 29, 1, '[[0, 0, 0, 0, 2, 1, 0, 0, 0, 1, 0, 0],[0, 1, 0, 0, 1, 0, 0, 0, 0, 0, 0, 1],[1, 0, 0, 0, 0, 0, 0, 0, 0, 0, 0, 0],[1, 2, 1, 0, 1, 0, 2, 0, 0, 0, 0, 0],[0, 0, 0, 0, 0, 0, 0, 0, 0, 0, 0, 0],[0, 0, 0, 0, 0, 0, 4, 0, 1, 2, 0, 1],[0, 1, 0, 0, 0, 0, 0, 0, 1, 0, 0, 0],[1, 0, 0, 0, 0, 0, 0, 1, 0, 0, 0, 0],[0, 1, 0, 0, 0, 0, 0, 2, 0, 0, 0, 0],[0, 0, 0, 1, 0, 0, 1, 0, 0, 1, 0, 1],[0, 0, 0, 1, 0, 0, 0, 1, 0, 0, 0, 1],[0, 0, 0, 0, 1, 0, 0, 0, 0, 0, 0, 0],[1, 0, 1, 0, 0, 0, 0, 0, 0, 0, 1, 0],[0, 0, 0, 0, 0, 0, 0, 0, 0, 0, 0, 0],[0, 0, 0, 0, 0, 0, 0, 0, 0, 0, 0, 0],[0, 1, 1, 0, 0, 0, 0, 0, 0, 0, 0, 0],[0, 0, 2, 0, 1, 0, 0, 0, 0, 0, 0, 0],[0, 0, 0, 0, 0, 0, 0, 0, 1, 0, 0, 2],[0, 0, 0, 0, 0, 0, 0, 1, 1, 0, 0, 0],[1, 0, 1, 0, 0, 0, 0, 0, 0, 0, 0, 0],[0, 0, 1, 0, 0, 0, 0, 0, 0, 0, 0, 0],[0, 0, 1, 0, 0, 0, 0, 0, 0, 0, 1, 0],[0, 1, 0, 0, 0, 1, 0, 0, 0, 0, 1, 1],[0, 0, 2, 0, 0, 1, 0, 0, 0, 0, 0, 1],[0, 0, 0, 1, 0, 0, 0, 0, 0, 1, 0, 0],[0, 1, 0, 0, 0, 0, 0, 0, 0, 0, 0, 0],[0, 0, 0, 0, 0, 0, 0, 0, 0, 0, 1, 0],[0, 0, 0, 1, 0, 0, 0, 0, 0, 0, 1, 0],[0, 0, 0, 0, 0, 0, 0, 0, 0, 0, 0, 0],[1, 0, 0, 0, 0, 2, 0, 0, 0, 0, 0, 0],[0, 0, 0, 1, 0, 0, 0, 0, 0, 0, 0, 0],[2, 0, 0, 0, 0, 0, 0, 0, 0, 0, 0, 0],[0, 0, 0, 0, 0, 0, 0, 0, 0, 0, 1, 0],[0, 1, 1, 0, 0, 0, 0, 0, 0, 0, 0, 0],[0, 0, 0, 0, 0, 0, 0, 0, 0, 0, 0, 0],[0, 0, 0, 0, 0, 0, 0, 0, 0, 0, 0, 0],[0, 0, 0, 0, 0, 0, 1, 0, 0, 0, 0, 0],[0, 0, 0, 0, 0, 0, 0, 0, 0, 0, 0, 0],[0, 0, 0, 0, 0, 1, 0, 0, 0, 0, 0, 0],[0, 0, 0, 0, 0, 0, 0, 0, 0, 0, 1, 0],[0, 0, 1, 0, 1, 0, 0, 0, 0, 0, 0, 0],[1, 0, 0, 0, 1, 0, 0, 0, 0, 0, 0, 0],[0, 0, 0, 0, 0, 0, 0, 1, 0, 0, 0, 0],[0, 0, 0, 0, 0, 0, 0, 0, 0, 0, 0, 0],[0, 0, 0, 0, 0, 0, 0, 0, 0, 0, 0, 0],[0, 0, 0, 0, 0, 0, 1, 0, 0, 0, 0, 0],[0, 0, 0, 0, 0, 0, 0, 0, 0, 0, 0, 0],[0, 0, 0, 0, 0, 0, 0, 0, 0, 0, 1, 0],[1, 0, 0, 0, 0, 0, 0, 0, 0, 0, 0, 0],[0, 0, 0, 0, 0, 0, 0, 0, 0, 0, 0, 0],[0, 0, 0, 0, 0, 0, 0, 0, 0, 0, 0, 0],[1, 0, 0, 0, 1, 0, 0, 0, 0, 0, 0, 0],[0, 0, 0, 0, 0, 1, 0, 0, 0, 0, 0, 1],[1, 0, 0, 0, 0, 0, 0, 0, 0, 0, 1, 0],[0, 0, 0, 0, 0, 0, 0, 0, 0, 0, 0, 0],[1, 0, 0, 0, 0, 0, 0, 1, 0, 0, 0, 0],[0, 0, 0, 0, 0, 0, 0, 0, 0, 0, 0, 0],[0, 0, 0, 0, 1, 1, 0, 0, 0, 0, 0, 0],[0, 0, 0, 0, 0, 0, 0, 0, 0, 0, 0, 0],[0, 0, 0, 0, 0, 0, 0, 1, 0, 0, 0, 0],[1, 0, 0, 0, 0, 1, 0, 0, 0, 0, 0, 0],[0, 0, 0, 0, 2, 0, 0, 0, 0, 0, 0, 0],[0, 0, 0, 0, 0, 0, 0, 0, 0, 0, 0, 0],[0, 0, 0, 0, 0, 1, 0, 0, 0, 0, 0, 0],[0, 1, 0, 0, 0, 0, 1, 0, 0, 0, 0, 0],[0, 1, 0, 0, 0, 0, 0, 0, 0, 0, 0, 0],[0, 0, 0, 0, 0, 0, 0, 0, 0, 0, 0, 0],[0, 0, 0, 0, 0, 0, 0, 0, 0, 0, 0, 0],[0, 1, 0, 0, 0, 0, 0, 0, 0, 0, 0, 0],[0, 0, 0, 1, 0, 0, 0, 0, 0, 0, 0, 0],[0, 0, 0, 0, 0, 0, 2, 0, 0, 0, 0, 1],[0, 0, 0, 0, 0, 0, 0, 0, 0, 0, 0, 0],[0, 0, 0, 0, 0, 0, 0, 0, 0, 0, 0, 0],[0, 0, 0, 0, 1, 0, 0, 0, 0, 0, 0, 0],[0, 0, 0, 0, 0, 0, 0, 0, 0, 0, 0, 0],[0, 0, 1, 0, 0, 0, 0, 0, 0, 0, 0, 0],[0, 0, 0, 0, 0, 0, 0, 0, 0, 0, 0, 0],[1, 0, 0, 0, 0, 0, 0, 0, 0, 1, 0, 0],[0, 0, 0, 0, 0, 0, 0, 0, 0, 0, 0, 0],[1, 0, 0, 0, 0, 0, 0, 0, 0, 0, 0, 0],[0, 0, 0, 0, 0, 0, 0, 0, 0, 0, 0, 0],[0, 0, 0, 0, 0, 0, 0, 0, 0, 0, 0, 0],[0, 0, 0, 0, 0, 0, 0, 0, 0, 0, 0, 0],[0, 0, 0, 0, 0, 0, 0, 0, 0, 0, 0, 0],[0, 0, 0, 0, 0, 0, 0, 0, 0, 0, 0, 0],[0, 0, 0, 0, 0, 0, 0, 0, 0, 0, 0, 0],[0, 0, 0, 0, 0, 0, 0, 0, 0, 0, 0, 0],[0, 0, 0, 0, 0, 0, 0, 0, 0, 0, 0, 0],[0, 0, 0, 0, 0, 0, 0, 0, 0, 0, 0, 0],[0, 0, 0, 0, 0, 0, 0, 0, 0, 0, 0, 0],[0, 0, 0, 0, 0, 0, 0, 0, 0, 0, 0, 0],[0, 0, 0, 0, 0, 0, 0, 0, 0, 0, 0, 0],[0, 0, 0, 0, 0, 0, 0, 0, 0, 0, 0, 0],[0, 0, 0, 0, 0, 0, 0, 0, 0, 0, 0, 0],[0, 0, 0, 0, 0, 0, 0, 0, 0, 0, 0, 0],[0, 0, 0, 0, 0, 0, 0, 0, 0, 0, 0, 0],[0, 0, 0, 0, 0, 0, 0, 0, 0, 0, 0, 0],[0, 0, 0, 0, 0, 0, 0, 0, 0, 0, 0, 0],[0, 0, 0, 0, 0, 0, 0, 0, 0, 0, 0, 0],[0, 0, 0, 0, 0, 0, 0, 0, 0, 0, 0, 0],[0, 0, 0, 0, 0, 0, 0, 0, 0, 0, 0, 0],[0, 0, 0, 0, 0, 0, 0, 0, 0, 0, 0, 0],[0, 0, 0, 0, 0, 0, 0, 0, 0, 0, 0, 0],[0, 0, 0, 0, 0, 0, 0, 0, 0, 0, 0, 0],[0, 0, 0, 0, 0, 0, 0, 0, 0, 0, 0, 0],[0, 0, 0, 0, 0, 0, 0, 0, 0, 0, 0, 0],[0, 0, 0, 0, 0, 0, 0, 0, 0, 0, 0, 0],[0, 0, 0, 0, 0, 0, 0, 0, 0, 0, 0, 0],[0, 0, 0, 0, 0, 0, 0, 0, 0, 0, 0, 0],[0, 0, 0, 0, 0, 0, 0, 0, 0, 0, 0, 0],[0, 0, 0, 0, 0, 0, 0, 0, 0, 0, 0, 0],[0, 0, 0, 0, 0, 0, 0, 0, 0, 0, 0, 0],[0, 0, 0, 0, 0, 0, 0, 0, 0, 0, 0, 0],[0, 0, 0, 0, 0, 0, 0, 0, 0, 0, 0, 0],[0, 0, 0, 0, 0, 0, 0, 0, 0, 0, 0, 0],[0, 0, 0, 0, 0, 0, 0, 0, 0, 0, 0, 0],[0, 0, 0, 0, 0, 0, 0, 0, 0, 0, 0, 0],[0, 0, 0, 0, 0, 0, 0, 0, 0, 0, 0, 0],[0, 0, 0, 0, 0, 0, 0, 0, 0, 0, 0, 0],[0, 0, 0, 0, 0, 0, 0, 0, 0, 0, 0, 0],[0, 0, 0, 0, 0, 0, 0, 0, 0, 0, 0, 0],[0, 0, 0, 0, 0, 0, 0, 0, 0, 0, 0, 0],[0, 0, 0, 0, 0, 0, 0, 0, 0, 0, 0, 0],[0, 0, 0, 0, 0, 0, 0, 0, 0, 0, 0, 0],[0, 0, 0, 0, 0, 0, 0, 0, 0, 0, 0, 0],[0, 0, 0, 0, 0, 0, 0, 0, 0, 0, 0, 0],[0, 0, 0, 0, 0, 0, 0, 0, 0, 0, 0, 0],[0, 0, 0, 0, 0, 0, 0, 0, 0, 0, 0, 0],[0, 0, 0, 0, 0, 0, 0, 0, 0, 0, 0, 0],[0, 0, 0, 0, 0, 0, 0, 0, 0, 0, 0, 0]
]', 26, 1),
(29, 29, 1, '[[0, 0, 0, 0, 2, 1, 0, 0, 0, 1, 0, 0],[0, 1, 0, 0, 1, 0, 0, 0, 0, 0, 0, 1],[1, 0, 0, 0, 0, 0, 0, 0, 0, 0, 0, 0],[1, 2, 1, 0, 1, 0, 2, 0, 0, 0, 0, 0],[0, 0, 0, 0, 0, 0, 0, 0, 0, 0, 0, 0],[0, 0, 0, 0, 0, 0, 4, 0, 1, 2, 0, 1],[0, 1, 0, 0, 0, 0, 0, 0, 1, 0, 0, 0],[1, 0, 0, 0, 0, 0, 0, 1, 0, 0, 0, 0],[0, 1, 0, 0, 0, 0, 0, 2, 0, 0, 0, 0],[0, 0, 0, 1, 0, 0, 1, 0, 0, 1, 0, 1],[0, 0, 0, 1, 0, 0, 0, 1, 0, 0, 0, 1],[0, 0, 0, 0, 1, 0, 0, 0, 0, 0, 0, 0],[1, 0, 1, 0, 0, 0, 0, 0, 0, 0, 1, 0],[0, 0, 0, 0, 0, 0, 0, 0, 0, 0, 0, 0],[0, 0, 0, 0, 0, 0, 0, 0, 0, 0, 0, 0],[0, 1, 1, 0, 0, 0, 0, 0, 0, 0, 0, 0],[0, 0, 2, 0, 1, 0, 0, 0, 0, 0, 0, 0],[0, 0, 0, 0, 0, 0, 0, 0, 1, 0, 0, 2],[0, 0, 0, 0, 0, 0, 0, 1, 1, 0, 0, 0],[1, 0, 1, 0, 0, 0, 0, 0, 0, 0, 0, 0],[0, 0, 1, 0, 0, 0, 0, 0, 0, 0, 0, 0],[0, 0, 1, 0, 0, 0, 0, 0, 0, 0, 1, 0],[0, 1, 0, 0, 0, 1, 0, 0, 0, 0, 1, 1],[0, 0, 2, 0, 0, 1, 0, 0, 0, 0, 0, 1],[0, 0, 0, 1, 0, 0, 0, 0, 0, 1, 0, 0],[0, 1, 0, 0, 0, 0, 0, 0, 0, 0, 0, 0],[0, 0, 0, 0, 0, 0, 0, 0, 0, 0, 1, 0],[0, 0, 1, 1, 0, 0, 0, 0, 0, 0, 1, 0],[0, 0, 0, 0, 0, 0, 0, 0, 0, 0, 0, 0],[1, 0, 0, 0, 0, 2, 0, 0, 0, 0, 0, 0],[0, 0, 0, 1, 0, 0, 0, 0, 0, 0, 0, 0],[2, 0, 0, 0, 0, 0, 0, 0, 0, 0, 0, 0],[0, 0, 0, 0, 0, 0, 0, 0, 0, 0, 1, 0],[0, 1, 1, 0, 0, 0, 0, 0, 0, 0, 0, 0],[0, 0, 0, 0, 0, 0, 0, 0, 0, 0, 0, 0],[0, 0, 0, 0, 0, 0, 0, 0, 0, 0, 0, 0],[0, 0, 0, 0, 0, 0, 1, 0, 0, 0, 0, 0],[0, 0, 0, 0, 0, 0, 0, 0, 0, 0, 0, 0],[0, 0, 0, 1, 0, 1, 0, 0, 0, 0, 0, 0],[0, 0, 0, 0, 0, 0, 0, 0, 0, 0, 1, 0],[0, 0, 1, 0, 1, 0, 0, 0, 0, 0, 0, 0],[1, 0, 0, 0, 1, 0, 0, 0, 0, 0, 0, 0],[0, 0, 0, 0, 0, 0, 0, 1, 0, 0, 0, 0],[0, 0, 0, 0, 0, 0, 0, 0, 0, 0, 0, 0],[0, 0, 0, 0, 0, 0, 0, 0, 0, 0, 0, 0],[0, 0, 0, 0, 0, 0, 1, 0, 0, 0, 0, 0],[0, 0, 0, 0, 0, 0, 0, 0, 0, 0, 0, 0],[0, 0, 0, 0, 0, 0, 0, 0, 0, 0, 1, 0],[1, 0, 0, 0, 0, 0, 0, 0, 0, 0, 0, 0],[0, 0, 0, 0, 0, 0, 0, 0, 0, 0, 0, 0],[0, 0, 0, 0, 0, 0, 0, 0, 0, 0, 0, 0],[1, 0, 0, 0, 1, 0, 0, 0, 0, 0, 0, 0],[0, 0, 0, 0, 0, 1, 0, 0, 0, 0, 0, 1],[1, 0, 0, 0, 0, 0, 0, 0, 0, 0, 1, 0],[0, 0, 0, 0, 0, 0, 0, 0, 0, 0, 0, 0],[1, 0, 0, 0, 0, 0, 0, 1, 0, 0, 0, 0],[0, 0, 0, 0, 0, 0, 0, 0, 0, 0, 0, 0],[0, 0, 0, 0, 1, 1, 0, 0, 0, 0, 0, 0],[0, 0, 0, 0, 0, 0, 0, 0, 0, 0, 0, 0],[0, 0, 0, 0, 0, 0, 0, 1, 0, 0, 0, 0],[1, 0, 0, 0, 0, 1, 0, 0, 0, 0, 0, 0],[0, 0, 0, 0, 2, 0, 0, 0, 0, 0, 0, 0],[0, 0, 0, 0, 0, 0, 0, 0, 0, 0, 0, 0],[0, 0, 0, 0, 0, 1, 0, 0, 0, 0, 0, 0],[0, 1, 0, 0, 0, 0, 1, 0, 0, 0, 0, 0],[0, 1, 0, 0, 0, 0, 0, 0, 0, 0, 0, 0],[0, 0, 0, 0, 0, 0, 0, 0, 0, 0, 0, 0],[0, 0, 0, 0, 0, 0, 0, 0, 0, 0, 0, 0],[0, 1, 0, 0, 0, 0, 0, 0, 0, 0, 0, 0],[0, 0, 1, 1, 0, 0, 0, 0, 0, 0, 0, 0],[0, 0, 0, 0, 0, 0, 2, 0, 0, 0, 0, 1],[0, 0, 0, 0, 0, 0, 0, 0, 0, 0, 0, 0],[0, 0, 0, 0, 0, 0, 0, 0, 0, 0, 0, 0],[0, 0, 0, 0, 1, 0, 0, 0, 0, 0, 0, 0],[0, 0, 0, 0, 0, 0, 0, 0, 0, 0, 0, 0],[0, 0, 1, 0, 0, 0, 0, 0, 0, 0, 0, 0],[0, 0, 0, 0, 0, 0, 0, 0, 0, 0, 0, 0],[1, 0, 0, 0, 0, 0, 0, 0, 0, 1, 0, 0],[0, 0, 0, 0, 0, 0, 0, 0, 0, 0, 0, 0],[1, 0, 0, 0, 0, 0, 0, 0, 0, 0, 0, 0],[0, 0, 0, 0, 0, 0, 0, 0, 0, 0, 0, 0],[0, 0, 0, 0, 0, 0, 0, 0, 0, 0, 0, 0],[0, 0, 0, 0, 0, 0, 0, 0, 0, 0, 0, 0],[0, 0, 0, 0, 0, 0, 0, 0, 0, 0, 0, 0],[0, 0, 0, 0, 0, 0, 0, 0, 0, 0, 0, 0],[0, 0, 0, 0, 0, 0, 0, 0, 0, 0, 0, 0],[0, 0, 0, 0, 0, 0, 0, 0, 0, 0, 0, 0],[0, 0, 0, 0, 0, 0, 0, 0, 0, 0, 0, 0],[0, 0, 0, 0, 0, 0, 0, 0, 0, 0, 0, 0],[0, 0, 0, 0, 0, 0, 0, 0, 0, 0, 0, 0],[0, 0, 0, 0, 0, 0, 0, 0, 0, 0, 0, 0],[0, 0, 0, 0, 0, 0, 0, 0, 0, 0, 0, 0],[0, 0, 0, 0, 0, 0, 0, 0, 0, 0, 0, 0],[0, 0, 0, 0, 0, 0, 0, 0, 0, 0, 0, 0],[0, 0, 0, 0, 0, 0, 0, 0, 0, 0, 0, 0],[0, 0, 0, 0, 0, 0, 0, 0, 0, 0, 0, 0],[0, 0, 0, 0, 0, 0, 0, 0, 0, 0, 0, 0],[0, 0, 0, 0, 0, 0, 0, 0, 0, 0, 0, 0],[0, 0, 0, 0, 0, 0, 0, 0, 0, 0, 0, 0],[0, 0, 0, 0, 0, 0, 0, 0, 0, 0, 0, 0],[0, 0, 0, 0, 0, 0, 0, 0, 0, 0, 0, 0],[0, 0, 0, 0, 0, 0, 0, 0, 0, 0, 0, 0],[0, 0, 0, 0, 0, 0, 0, 0, 0, 0, 0, 0],[0, 0, 0, 0, 0, 0, 0, 0, 0, 0, 0, 0],[0, 0, 0, 0, 0, 0, 0, 0, 0, 0, 0, 0],[0, 0, 0, 0, 0, 0, 0, 0, 0, 0, 0, 0],[0, 0, 0, 0, 0, 0, 0, 0, 0, 0, 0, 0],[0, 0, 0, 0, 0, 0, 0, 0, 0, 0, 0, 0],[0, 0, 0, 0, 0, 0, 0, 0, 0, 0, 0, 0],[0, 0, 0, 0, 0, 0, 0, 0, 0, 0, 0, 0],[0, 0, 0, 0, 0, 0, 0, 0, 0, 0, 0, 0],[0, 0, 0, 0, 0, 0, 0, 0, 0, 0, 0, 0],[0, 0, 0, 0, 0, 0, 0, 0, 0, 0, 0, 0],[0, 0, 0, 0, 0, 0, 0, 0, 0, 0, 0, 0],[0, 0, 0, 0, 0, 0, 0, 0, 0, 0, 0, 0],[0, 0, 0, 0, 0, 0, 0, 0, 0, 0, 0, 0],[0, 0, 0, 0, 0, 0, 0, 0, 0, 0, 0, 0],[0, 0, 0, 0, 0, 0, 0, 0, 0, 0, 0, 0],[0, 0, 0, 0, 0, 0, 0, 0, 0, 0, 0, 0],[0, 0, 0, 0, 0, 0, 0, 0, 0, 0, 0, 0],[0, 0, 0, 0, 0, 0, 0, 0, 0, 0, 0, 0],[0, 0, 0, 0, 0, 0, 0, 0, 0, 0, 0, 0],[0, 0, 0, 0, 0, 0, 0, 0, 0, 0, 0, 0],[0, 0, 0, 0, 0, 0, 0, 0, 0, 0, 0, 0],[0, 0, 0, 0, 0, 0, 0, 0, 0, 0, 0, 0],[0, 0, 0, 0, 0, 0, 0, 0, 0, 0, 0, 0],[0, 0, 0, 0, 0, 0, 0, 0, 0, 0, 0, 0],[0, 0, 0, 0, 0, 0, 0, 0, 0, 0, 0, 0],[0, 0, 0, 0, 0, 0, 0, 0, 0, 0, 0, 0],[0, 0, 0, 0, 0, 0, 0, 0, 0, 0, 0, 0]
]', 27, 1),
(30, 29, 1, '[[0, 0, 0, 0, 2, 1, 0, 0, 0, 1, 0, 0],[0, 1, 0, 0, 1, 0, 0, 0, 0, 0, 0, 1],[1, 0, 0, 0, 0, 0, 0, 0, 0, 0, 0, 0],[1, 2, 0, 0, 1, 0, 2, 0, 0, 0, 0, 0],[0, 0, 0, 0, 0, 0, 0, 0, 0, 0, 0, 0],[0, 0, 0, 0, 0, 0, 4, 0, 1, 2, 0, 1],[0, 1, 0, 0, 0, 0, 0, 0, 1, 0, 0, 0],[1, 0, 0, 0, 0, 0, 0, 1, 0, 0, 0, 0],[0, 1, 0, 0, 0, 0, 0, 2, 0, 0, 0, 0],[0, 0, 0, 1, 0, 0, 0, 0, 0, 1, 0, 1],[0, 0, 0, 1, 0, 0, 0, 1, 0, 0, 0, 1],[0, 0, 0, 0, 1, 0, 0, 0, 0, 0, 0, 0],[1, 0, 1, 0, 0, 0, 0, 0, 0, 0, 1, 0],[0, 0, 0, 0, 0, 0, 0, 0, 0, 0, 0, 0],[0, 0, 0, 0, 0, 0, 0, 0, 0, 0, 0, 0],[0, 1, 1, 0, 0, 0, 0, 0, 0, 0, 0, 0],[0, 0, 2, 0, 1, 0, 0, 0, 0, 0, 0, 0],[0, 0, 0, 0, 0, 0, 0, 0, 1, 0, 0, 1],[0, 0, 0, 0, 0, 0, 0, 1, 1, 0, 0, 0],[1, 0, 1, 0, 0, 0, 0, 0, 0, 0, 0, 0],[0, 0, 1, 0, 0, 0, 0, 0, 0, 0, 0, 0],[0, 0, 1, 0, 0, 0, 0, 0, 0, 0, 1, 0],[0, 1, 0, 0, 0, 1, 0, 0, 0, 0, 1, 1],[0, 0, 2, 0, 0, 1, 0, 0, 0, 0, 0, 1],[0, 0, 0, 1, 0, 0, 0, 0, 0, 1, 0, 0],[0, 1, 0, 0, 0, 0, 0, 0, 0, 0, 0, 0],[0, 0, 0, 0, 0, 0, 0, 0, 0, 0, 0, 0],[0, 0, 1, 1, 0, 0, 0, 0, 0, 0, 1, 0],[0, 0, 0, 0, 0, 0, 0, 0, 0, 0, 0, 0],[1, 0, 0, 0, 0, 2, 0, 0, 0, 0, 0, 0],[0, 0, 0, 1, 0, 0, 0, 0, 0, 0, 0, 0],[2, 0, 0, 0, 0, 0, 0, 0, 0, 0, 0, 0],[0, 0, 0, 0, 0, 0, 0, 0, 0, 0, 1, 0],[0, 1, 1, 0, 0, 0, 0, 0, 0, 0, 0, 0],[0, 0, 0, 0, 0, 0, 0, 0, 0, 0, 0, 0],[0, 0, 0, 0, 0, 0, 0, 0, 0, 0, 0, 0],[0, 0, 0, 0, 0, 0, 1, 0, 0, 0, 0, 0],[0, 0, 0, 0, 0, 0, 0, 0, 0, 0, 0, 0],[0, 0, 0, 1, 0, 1, 0, 0, 0, 0, 0, 0],[0, 0, 0, 0, 0, 0, 0, 0, 0, 0, 1, 0],[0, 0, 0, 0, 1, 0, 0, 0, 0, 0, 0, 0],[1, 0, 0, 0, 1, 0, 0, 0, 0, 0, 0, 0],[0, 0, 0, 0, 0, 0, 0, 1, 0, 0, 0, 0],[0, 0, 0, 0, 0, 0, 0, 0, 0, 0, 0, 0],[0, 0, 0, 0, 0, 0, 0, 0, 0, 0, 0, 0],[0, 0, 0, 0, 0, 0, 1, 0, 0, 0, 0, 0],[0, 0, 0, 0, 0, 0, 0, 0, 0, 0, 0, 0],[0, 0, 0, 0, 0, 0, 0, 0, 0, 0, 1, 0],[1, 0, 0, 0, 0, 0, 0, 0, 0, 0, 0, 0],[0, 0, 0, 0, 0, 0, 0, 0, 0, 0, 0, 0],[0, 0, 0, 0, 0, 0, 0, 0, 0, 0, 0, 0],[1, 0, 0, 0, 1, 0, 0, 0, 0, 0, 0, 0],[0, 0, 0, 0, 0, 0, 0, 0, 0, 0, 0, 1],[1, 0, 0, 0, 0, 0, 0, 0, 0, 0, 1, 0],[0, 0, 0, 0, 0, 0, 0, 0, 0, 0, 0, 0],[1, 0, 0, 0, 0, 0, 0, 1, 0, 0, 0, 0],[0, 0, 0, 0, 0, 0, 0, 0, 0, 0, 0, 0],[0, 0, 0, 0, 1, 1, 0, 0, 0, 0, 0, 0],[0, 0, 0, 0, 0, 0, 0, 0, 0, 0, 0, 0],[0, 0, 0, 0, 0, 0, 0, 1, 0, 0, 0, 0],[1, 0, 0, 0, 0, 1, 0, 0, 0, 0, 0, 0],[0, 0, 0, 0, 2, 0, 0, 0, 0, 0, 0, 0],[0, 0, 0, 0, 0, 0, 0, 0, 0, 0, 0, 0],[0, 0, 0, 0, 0, 0, 0, 0, 0, 0, 0, 0],[0, 0, 0, 0, 0, 0, 1, 0, 0, 0, 0, 0],[0, 1, 0, 0, 0, 0, 0, 0, 0, 0, 0, 0],[0, 0, 0, 0, 0, 0, 0, 0, 0, 0, 0, 0],[0, 0, 0, 0, 0, 0, 0, 0, 0, 0, 0, 0],[0, 1, 0, 0, 0, 0, 0, 0, 0, 0, 0, 0],[0, 0, 1, 0, 0, 0, 0, 0, 0, 0, 0, 0],[0, 0, 0, 0, 0, 0, 2, 0, 0, 0, 0, 1],[0, 0, 0, 0, 0, 0, 0, 0, 0, 0, 0, 0],[0, 0, 0, 0, 0, 0, 0, 0, 0, 0, 0, 0],[0, 0, 0, 0, 1, 0, 0, 0, 0, 0, 0, 0],[0, 0, 0, 0, 0, 0, 0, 0, 0, 0, 0, 0],[0, 0, 0, 0, 0, 0, 0, 0, 0, 0, 0, 0],[0, 0, 0, 0, 0, 0, 0, 0, 0, 0, 0, 0],[1, 0, 0, 0, 0, 0, 0, 0, 0, 1, 0, 0],[0, 0, 0, 0, 0, 0, 0, 0, 0, 0, 0, 0],[1, 0, 0, 0, 0, 0, 0, 0, 0, 0, 0, 0],[0, 0, 0, 0, 0, 0, 0, 0, 0, 0, 0, 0],[0, 0, 0, 0, 0, 0, 0, 0, 0, 0, 0, 0],[0, 0, 0, 0, 0, 0, 0, 0, 0, 0, 0, 0],[0, 0, 0, 0, 0, 0, 0, 0, 0, 0, 0, 0],[0, 0, 0, 0, 0, 0, 0, 0, 0, 0, 0, 0],[0, 0, 0, 0, 0, 0, 0, 0, 0, 0, 0, 0],[0, 0, 0, 0, 0, 0, 0, 0, 0, 0, 0, 0],[0, 0, 0, 0, 0, 0, 0, 0, 0, 0, 0, 0],[0, 0, 0, 0, 0, 0, 0, 0, 0, 0, 0, 0],[0, 0, 0, 0, 0, 0, 0, 0, 0, 0, 0, 0],[0, 0, 0, 0, 0, 0, 0, 0, 0, 0, 0, 0],[0, 0, 0, 0, 0, 0, 0, 0, 0, 0, 0, 0],[0, 0, 0, 0, 0, 0, 0, 0, 0, 0, 0, 0],[0, 0, 0, 0, 0, 0, 0, 0, 0, 0, 0, 0],[0, 0, 0, 0, 0, 0, 0, 0, 0, 0, 0, 0],[0, 0, 0, 0, 0, 0, 0, 0, 0, 0, 0, 0],[0, 0, 0, 0, 0, 0, 0, 0, 0, 0, 0, 0],[0, 0, 0, 0, 0, 0, 0, 0, 0, 0, 0, 0],[0, 0, 0, 0, 0, 0, 0, 0, 0, 0, 0, 0],[0, 0, 0, 0, 0, 0, 0, 0, 0, 0, 0, 0],[0, 0, 0, 0, 0, 0, 0, 0, 0, 0, 0, 0],[0, 0, 0, 0, 0, 0, 0, 0, 0, 0, 0, 0],[0, 0, 0, 0, 0, 0, 0, 0, 0, 0, 0, 0],[0, 0, 0, 0, 0, 0, 0, 0, 0, 0, 0, 0],[0, 0, 0, 0, 0, 0, 0, 0, 0, 0, 0, 0],[0, 0, 0, 0, 0, 0, 0, 0, 0, 0, 0, 0],[0, 0, 0, 0, 0, 0, 0, 0, 0, 0, 0, 0],[0, 0, 0, 0, 0, 0, 0, 0, 0, 0, 0, 0],[0, 0, 0, 0, 0, 0, 0, 0, 0, 0, 0, 0],[0, 0, 0, 0, 0, 0, 0, 0, 0, 0, 0, 0],[0, 0, 0, 0, 0, 0, 0, 0, 0, 0, 0, 0],[0, 0, 0, 0, 0, 0, 0, 0, 0, 0, 0, 0],[0, 0, 0, 0, 0, 0, 0, 0, 0, 0, 0, 0],[0, 0, 0, 0, 0, 0, 0, 0, 0, 0, 0, 0],[0, 0, 0, 0, 0, 0, 0, 0, 0, 0, 0, 0],[0, 0, 0, 0, 0, 0, 0, 0, 0, 0, 0, 0],[0, 0, 0, 0, 0, 0, 0, 0, 0, 0, 0, 0],[0, 0, 0, 0, 0, 0, 0, 0, 0, 0, 0, 0],[0, 0, 0, 0, 0, 0, 0, 0, 0, 0, 0, 0],[0, 0, 0, 0, 0, 0, 0, 0, 0, 0, 0, 0],[0, 0, 0, 0, 0, 0, 0, 0, 0, 0, 0, 0],[0, 0, 0, 0, 0, 0, 0, 0, 0, 0, 0, 0],[0, 0, 0, 0, 0, 0, 0, 0, 0, 0, 0, 0],[0, 0, 0, 0, 0, 0, 0, 0, 0, 0, 0, 0],[0, 0, 0, 0, 0, 0, 0, 0, 0, 0, 0, 0],[0, 0, 0, 0, 0, 0, 0, 0, 0, 0, 0, 0],[0, 0, 0, 0, 0, 0, 0, 0, 0, 0, 0, 0],[0, 0, 0, 0, 0, 0, 0, 0, 0, 0, 0, 0],[0, 0, 0, 0, 0, 0, 0, 0, 0, 0, 0, 0],[0, 0, 0, 0, 0, 0, 0, 0, 0, 0, 0, 0]
]', 28, 1);
